,right punch,left punch
0,0.6,0.0
1,0.61,0.0
2,0.62,0.0
3,0.63,0.0
4,0.64,0.0
5,0.65,0.0
6,0.66,0.0
7,0.67,0.0
8,0.68,0.0
9,0.69,0.0
10,0.7,0.0
11,0.71,0.0
12,0.72,0.0
13,0.73,0.0
14,0.74,0.0
15,0.75,0.0
16,0.76,0.0
17,0.77,0.0
18,0.78,0.0
19,0.79,0.0
20,0.8,0.0
21,0.81,0.0
22,0.82,0.0
23,0.83,0.0
24,0.84,0.0
25,0.85,0.0
26,0.86,0.0
27,0.87,0.0
28,0.88,0.0
29,0.89,0.0
30,0.9,0.0
31,0.91,0.0
32,0.92,0.0
33,0.93,0.0
34,0.94,0.0
35,0.95,0.0
36,0.96,0.0
37,0.97,0.0
38,0.98,0.0
39,0.99,0.0
40,1.0,0.0
41,0.99,0.0
42,0.98,0.0
43,0.97,0.0
44,0.96,0.0
45,0.95,0.0
46,0.94,0.0
47,0.9299999999999999,0.0
48,0.92,0.0
49,0.91,0.0
50,0.9,0.0
51,0.89,0.0
52,0.88,0.0
53,0.87,0.0
54,0.86,0.0
55,0.85,0.0
56,0.84,0.0
57,0.83,0.0
58,0.8200000000000001,0.0
59,0.81,0.0
60,0.8,0.0
61,0.79,0.0
62,0.78,0.0
63,0.77,0.0
64,0.76,0.0
65,0.75,0.0
66,0.74,0.0
67,0.73,0.0
68,0.72,0.0
69,0.71,0.0
70,0.7,0.0
71,0.69,0.0
72,0.6799999999999999,0.0
73,0.6699999999999999,0.0
74,0.6599999999999999,0.0
75,0.65,0.0
76,0.64,0.0
77,0.63,0.0
78,0.62,0.0
79,0.61,0.0
80,0.6,0.0
81,0.5900000000000001,0.0
82,0.5800000000000001,0.0
83,0.5700000000000001,0.0
84,0.56,0.0
85,0.55,0.0
86,0.54,0.0
87,0.53,0.0
88,0.52,0.0
89,0.51,0.0
90,0.5,0.0
91,0.49,0.0
92,0.48,0.0
93,0.47,0.0
94,0.45999999999999996,0.0
95,0.44999999999999996,0.0
96,0.43999999999999995,0.0
97,0.43000000000000005,0.0
98,0.42000000000000004,0.0
99,0.41000000000000003,0.0
100,0.4,0.0
101,0.39,0.0
102,0.38,0.0
103,0.37,0.0
104,0.36,0.0
105,0.35,0.0
106,0.33999999999999997,0.0
107,0.32999999999999996,0.0
108,0.31999999999999995,0.0
109,0.31000000000000005,0.0
110,0.30000000000000004,0.0
111,0.29000000000000004,0.0
112,0.28,0.0
113,0.27,0.0
114,0.26,0.0
115,0.25,0.0
116,0.24,0.0
117,0.22999999999999998,0.0
118,0.21999999999999997,0.0
119,0.20999999999999996,0.0
120,0.19999999999999996,0.0
121,0.18999999999999995,0.0
122,0.18000000000000005,0.0
123,0.17000000000000004,0.0
124,0.16000000000000003,0.0
125,0.15000000000000002,0.0
126,0.14,0.0
127,0.13,0.0
128,0.12,0.0
129,0.10999999999999999,0.0
130,0.09999999999999998,0.0
131,0.08999999999999997,0.0
132,0.07999999999999996,0.0
133,0.06999999999999995,0.0
134,0.06000000000000005,0.0
135,0.050000000000000044,0.0
136,0.040000000000000036,0.0
137,0.030000000000000027,0.0
138,0.020000000000000018,0.0
139,0.010000000000000009,0.0
140,0.0,0.0
141,0.0,0.0
142,0.0,0.0
143,0.0,0.0
144,0.0,0.0
145,0.0,0.0
146,0.0,0.0
147,0.0,0.0
148,0.0,0.0
149,0.0,0.0
150,0.0,0.0
151,0.0,0.0
152,0.0,0.0
153,0.0,0.0
154,0.0,0.0
155,0.0,0.0
156,0.0,0.0
157,0.0,0.0
158,0.0,0.0
159,0.0,0.0
160,0.0,0.0
161,0.0,0.0
162,0.0,0.0
163,0.0,0.0
164,0.0,0.0
165,0.0,0.0
166,0.0,0.0
167,0.0,0.0
168,0.0,0.0
169,0.0,0.0
170,0.0,0.0
171,0.0,0.0
172,0.0,0.0
173,0.0,0.0
174,0.0,0.0
175,0.0,0.0
176,0.0,0.0
177,0.0,0.0
178,0.0,0.0
179,0.0,0.0
180,0.0,0.0
181,0.0,0.0
182,0.0,0.0
183,0.0,0.0
184,0.0,0.0
185,0.0,0.0
186,0.0,0.0
187,0.0,0.0
188,0.0,0.0
189,0.0,0.0
190,0.0,0.0
191,0.0,0.0
192,0.0,0.0
193,0.0,0.0
194,0.0,0.0
195,0.0,0.0
196,0.0,0.0
197,0.0,0.0
198,0.0,0.0
199,0.0,0.0
200,0.0,0.0
201,0.0,0.0
202,0.0,0.0
203,0.0,0.0
204,0.0,0.0
205,0.0,0.0
206,0.0,0.0
207,0.0,0.0
208,0.0,0.0
209,0.0,0.0
210,0.0,0.0
211,0.0,0.0
212,0.0,0.0
213,0.0,0.0
214,0.0,0.0
215,0.0,0.0
216,0.0,0.0
217,0.0,0.0
218,0.0,0.0
219,0.0,0.0
220,0.0,0.0
221,0.0,0.0
222,0.0,0.0
223,0.0,0.0
224,0.0,0.0
225,0.0,0.0
226,0.0,0.0
227,0.0,0.0
228,0.0,0.0
229,0.0,0.0
230,0.0,0.0
231,0.0,0.0
232,0.0,0.0
233,0.0,0.0
234,0.0,0.0
235,0.0,0.0
236,0.0,0.0
237,0.0,0.0
238,0.0,0.0
239,0.0,0.0
240,0.0,0.0
241,0.0,0.0
242,0.0,0.0
243,0.0,0.0
244,0.0,0.0
245,0.0,0.0
246,0.0,0.0
247,0.0,0.0
248,0.0,0.0
249,0.0,0.0
250,0.0,0.0
251,0.0,0.0
252,0.0,0.0
253,0.0,0.0
254,0.0,0.0
255,0.0,0.0
256,0.0,0.0
257,0.0,0.0
258,0.0,0.0
259,0.0,0.0
260,0.0,0.0
261,0.0,0.0
262,0.0,0.0
263,0.0,0.0
264,0.0,0.0
265,0.0,0.0
266,0.0,0.0
267,0.0,0.0
268,0.0,0.0
269,0.0,0.0
270,0.0,0.0
271,0.0,0.0
272,0.0,0.0
273,0.0,0.0
274,0.0,0.0
275,0.0,0.0
276,0.0,0.0
277,0.0,0.0
278,0.0,0.0
279,0.0,0.0
280,0.0,0.0
281,0.0,0.0
282,0.0,0.0
283,0.0,0.0
284,0.0,0.0
285,0.0,0.0
286,0.0,0.0
287,0.0,0.0
288,0.0,0.0
289,0.0,0.0
290,0.0,0.0
291,0.0,0.0
292,0.0,0.0
293,0.0,0.0
294,0.0,0.0
295,0.0,0.0
296,0.0,0.0
297,0.0,0.0
298,0.0,0.0
299,0.0,0.0
300,0.0,0.0
301,0.0,0.0
302,0.0,0.0
303,0.0,0.0
304,0.0,0.0
305,0.0,0.0
306,0.0,0.0
307,0.0,0.0
308,0.0,0.0
309,0.0,0.0
310,0.0,0.0
311,0.0,0.0
312,0.0,0.0
313,0.0,0.0
314,0.0,0.0
315,0.0,0.0
316,0.0,0.0
317,0.0,0.0
318,0.0,0.0
319,0.0,0.0
320,0.0,0.0
321,0.0,0.0
322,0.0,0.0
323,0.0,0.0
324,0.0,0.0
325,0.0,0.0
326,0.0,0.0
327,0.0,0.0
328,0.0,0.0
329,0.0,0.0
330,0.0,0.0
331,0.0,0.0
332,0.0,0.0
333,0.0,0.0
334,0.0,0.0
335,0.0,0.0
336,0.0,0.0
337,0.0,0.0
338,0.0,0.0
339,0.0,0.0
340,0.0,0.0
341,0.0,0.0
342,0.0,0.0
343,0.0,0.0
344,0.0,0.0
345,0.0,0.0
346,0.0,0.0
347,0.0,0.0
348,0.0,0.0
349,0.0,0.0
350,0.0,0.0
351,0.0,0.0
352,0.0,0.0
353,0.0,0.0
354,0.0,0.0
355,0.0,0.0
356,0.0,0.0
357,0.0,0.0
358,0.0,0.0
359,0.0,0.0
360,0.0,0.0
361,0.0,0.0
362,0.0,0.0
363,0.0,0.0
364,0.0,0.0
365,0.0,0.0
366,0.0,0.0
367,0.0,0.0
368,0.0,0.01
369,0.0,0.02
370,0.0,0.03
371,0.0,0.04
372,0.0,0.05
373,0.0,0.06
374,0.0,0.07
375,0.0,0.08
376,0.0,0.09
377,0.0,0.1
378,0.0,0.11
379,0.0,0.12
380,0.0,0.13
381,0.0,0.14
382,0.0,0.15
383,0.0,0.16
384,0.0,0.17
385,0.0,0.18
386,0.0,0.19
387,0.0,0.2
388,0.0,0.21
389,0.0,0.22
390,0.0,0.23
391,0.0,0.24
392,0.0,0.25
393,0.0,0.26
394,0.0,0.27
395,0.0,0.28
396,0.0,0.29
397,0.0,0.3
398,0.0,0.31
399,0.0,0.32
400,0.0,0.33
401,0.0,0.34
402,0.0,0.35
403,0.0,0.36
404,0.0,0.37
405,0.0,0.38
406,0.0,0.39
407,0.0,0.4
408,0.0,0.41
409,0.0,0.42
410,0.0,0.43
411,0.0,0.44
412,0.0,0.45
413,0.0,0.46
414,0.0,0.47
415,0.0,0.48
416,0.0,0.49
417,0.0,0.5
418,0.0,0.51
419,0.0,0.52
420,0.0,0.53
421,0.0,0.54
422,0.0,0.55
423,0.0,0.56
424,0.0,0.57
425,0.0,0.58
426,0.0,0.59
427,0.0,0.6
428,0.0,0.61
429,0.0,0.62
430,0.0,0.63
431,0.0,0.64
432,0.0,0.65
433,0.0,0.66
434,0.0,0.67
435,0.0,0.68
436,0.0,0.69
437,0.0,0.7
438,0.0,0.71
439,0.0,0.72
440,0.0,0.73
441,0.0,0.74
442,0.0,0.75
443,0.0,0.76
444,0.0,0.77
445,0.0,0.78
446,0.0,0.79
447,0.0,0.8
448,0.0,0.81
449,0.0,0.82
450,0.0,0.83
451,0.0,0.84
452,0.0,0.85
453,0.0,0.86
454,0.0,0.87
455,0.0,0.88
456,0.0,0.89
457,0.0,0.9
458,0.0,0.91
459,0.0,0.92
460,0.0,0.93
461,0.0,0.94
462,0.0,0.95
463,0.0,0.96
464,0.0,0.97
465,0.0,0.98
466,0.0,0.99
467,0.0,1.0
468,0.0,0.99
469,0.0,0.98
470,0.0,0.97
471,0.0,0.96
472,0.0,0.95
473,0.0,0.94
474,0.0,0.9299999999999999
475,0.0,0.92
476,0.0,0.91
477,0.0,0.9
478,0.01,0.89
479,0.02,0.88
480,0.03,0.87
481,0.04,0.86
482,0.05,0.85
483,0.06,0.84
484,0.07,0.83
485,0.08,0.8200000000000001
486,0.09,0.81
487,0.1,0.8
488,0.11,0.79
489,0.12,0.78
490,0.13,0.77
491,0.14,0.76
492,0.15,0.75
493,0.16,0.74
494,0.17,0.73
495,0.18,0.72
496,0.19,0.71
497,0.2,0.7
498,0.21,0.69
499,0.22,0.6799999999999999
500,0.23,0.6699999999999999
501,0.24,0.6599999999999999
502,0.25,0.65
503,0.26,0.64
504,0.27,0.63
505,0.28,0.62
506,0.29,0.61
507,0.3,0.6
508,0.31,0.5900000000000001
509,0.32,0.5800000000000001
510,0.33,0.5700000000000001
511,0.34,0.56
512,0.35,0.55
513,0.36,0.54
514,0.37,0.53
515,0.38,0.52
516,0.39,0.51
517,0.4,0.5
518,0.41,0.49
519,0.42,0.48
520,0.43,0.47
521,0.44,0.45999999999999996
522,0.45,0.44999999999999996
523,0.46,0.43999999999999995
524,0.47,0.43000000000000005
525,0.48,0.42000000000000004
526,0.49,0.41000000000000003
527,0.5,0.4
528,0.51,0.39
529,0.52,0.38
530,0.53,0.37
531,0.54,0.36
532,0.55,0.35
533,0.56,0.33999999999999997
534,0.57,0.32999999999999996
535,0.58,0.31999999999999995
536,0.59,0.31000000000000005
537,0.6,0.30000000000000004
538,0.61,0.29000000000000004
539,0.62,0.28
540,0.63,0.27
541,0.64,0.26
542,0.65,0.25
543,0.66,0.24
544,0.67,0.22999999999999998
545,0.68,0.21999999999999997
546,0.69,0.20999999999999996
547,0.7,0.19999999999999996
548,0.71,0.18999999999999995
549,0.72,0.18000000000000005
550,0.73,0.17000000000000004
551,0.74,0.16000000000000003
552,0.75,0.15000000000000002
553,0.76,0.14
554,0.77,0.13
555,0.78,0.12
556,0.79,0.10999999999999999
557,0.8,0.09999999999999998
558,0.81,0.08999999999999997
559,0.82,0.07999999999999996
560,0.83,0.06999999999999995
561,0.84,0.06000000000000005
562,0.85,0.050000000000000044
563,0.86,0.040000000000000036
564,0.87,0.030000000000000027
565,0.88,0.020000000000000018
566,0.89,0.010000000000000009
567,0.9,0.0
568,0.91,0.0
569,0.92,0.0
570,0.93,0.0
571,0.94,0.0
572,0.95,0.0
573,0.96,0.0
574,0.97,0.0
575,0.98,0.0
576,0.99,0.0
577,1.0,0.0
578,0.99,0.0
579,0.98,0.0
580,0.97,0.0
581,0.96,0.0
582,0.95,0.0
583,0.94,0.0
584,0.9299999999999999,0.0
585,0.92,0.0
586,0.91,0.0
587,0.9,0.0
588,0.89,0.0
589,0.88,0.0
590,0.87,0.0
591,0.86,0.0
592,0.85,0.0
593,0.84,0.0
594,0.83,0.0
595,0.8200000000000001,0.0
596,0.81,0.0
597,0.8,0.0
598,0.79,0.0
599,0.78,0.0
600,0.77,0.0
601,0.76,0.0
602,0.75,0.0
603,0.74,0.0
604,0.73,0.0
605,0.72,0.0
606,0.71,0.0
607,0.7,0.0
608,0.69,0.0
609,0.6799999999999999,0.0
610,0.6699999999999999,0.0
611,0.6599999999999999,0.0
612,0.65,0.0
613,0.64,0.0
614,0.63,0.0
615,0.62,0.0
616,0.61,0.0
617,0.6,0.0
618,0.5900000000000001,0.0
619,0.5800000000000001,0.0
620,0.5700000000000001,0.0
621,0.56,0.0
622,0.55,0.0
623,0.54,0.0
624,0.53,0.0
625,0.52,0.0
626,0.51,0.0
627,0.5,0.0
628,0.49,0.0
629,0.48,0.0
630,0.47,0.0
631,0.45999999999999996,0.0
632,0.44999999999999996,0.0
633,0.43999999999999995,0.0
634,0.43000000000000005,0.0
635,0.42000000000000004,0.0
636,0.41000000000000003,0.0
637,0.4,0.0
638,0.39,0.0
639,0.38,0.0
640,0.37,0.0
641,0.36,0.0
642,0.35,0.0
643,0.33999999999999997,0.0
644,0.32999999999999996,0.0
645,0.31999999999999995,0.0
646,0.31000000000000005,0.0
647,0.30000000000000004,0.0
648,0.29000000000000004,0.0
649,0.28,0.0
650,0.27,0.0
651,0.26,0.0
652,0.25,0.0
653,0.24,0.0
654,0.22999999999999998,0.0
655,0.21999999999999997,0.0
656,0.20999999999999996,0.0
657,0.19999999999999996,0.0
658,0.18999999999999995,0.0
659,0.18000000000000005,0.0
660,0.17000000000000004,0.0
661,0.16000000000000003,0.0
662,0.15000000000000002,0.0
663,0.14,0.0
664,0.13,0.0
665,0.12,0.0
666,0.10999999999999999,0.0
667,0.09999999999999998,0.0
668,0.08999999999999997,0.0
669,0.07999999999999996,0.0
670,0.06999999999999995,0.0
671,0.06000000000000005,0.0
672,0.050000000000000044,0.0
673,0.040000000000000036,0.0
674,0.030000000000000027,0.0
675,0.020000000000000018,0.0
676,0.010000000000000009,0.0
677,0.0,0.0
678,0.0,0.0
679,0.0,0.0
680,0.0,0.0
681,0.0,0.0
682,0.0,0.0
683,0.0,0.0
684,0.0,0.0
685,0.0,0.0
686,0.0,0.0
687,0.0,0.0
688,0.0,0.0
689,0.0,0.0
690,0.0,0.0
691,0.0,0.0
692,0.0,0.0
693,0.0,0.0
694,0.0,0.0
695,0.0,0.0
696,0.0,0.0
697,0.0,0.0
698,0.0,0.0
699,0.0,0.0
700,0.0,0.0
701,0.0,0.0
702,0.0,0.0
703,0.0,0.0
704,0.0,0.0
705,0.0,0.0
706,0.0,0.0
707,0.0,0.0
708,0.0,0.0
709,0.0,0.0
710,0.0,0.0
711,0.0,0.0
712,0.0,0.0
713,0.0,0.0
714,0.0,0.0
715,0.0,0.0
716,0.0,0.0
717,0.0,0.0
718,0.0,0.0
719,0.0,0.0
720,0.0,0.0
721,0.0,0.0
722,0.0,0.0
723,0.0,0.0
724,0.0,0.0
725,0.0,0.0
726,0.0,0.0
727,0.0,0.0
728,0.0,0.0
729,0.0,0.0
730,0.0,0.0
731,0.0,0.0
732,0.0,0.0
733,0.0,0.0
734,0.0,0.0
735,0.0,0.0
736,0.0,0.0
737,0.0,0.0
738,0.0,0.0
739,0.0,0.0
740,0.0,0.0
741,0.0,0.01
742,0.0,0.02
743,0.0,0.03
744,0.0,0.04
745,0.0,0.05
746,0.0,0.06
747,0.0,0.07
748,0.0,0.08
749,0.0,0.09
750,0.0,0.1
751,0.0,0.11
752,0.0,0.12
753,0.0,0.13
754,0.0,0.14
755,0.0,0.15
756,0.0,0.16
757,0.0,0.17
758,0.0,0.18
759,0.0,0.19
760,0.0,0.2
761,0.0,0.21
762,0.0,0.22
763,0.0,0.23
764,0.0,0.24
765,0.0,0.25
766,0.0,0.26
767,0.0,0.27
768,0.0,0.28
769,0.0,0.29
770,0.0,0.3
771,0.0,0.31
772,0.0,0.32
773,0.0,0.33
774,0.0,0.34
775,0.0,0.35
776,0.0,0.36
777,0.0,0.37
778,0.0,0.38
779,0.0,0.39
780,0.0,0.4
781,0.0,0.41
782,0.0,0.42
783,0.0,0.43
784,0.0,0.44
785,0.0,0.45
786,0.0,0.46
787,0.0,0.47
788,0.0,0.48
789,0.0,0.49
790,0.0,0.5
791,0.0,0.51
792,0.0,0.52
793,0.0,0.53
794,0.0,0.54
795,0.0,0.55
796,0.0,0.56
797,0.0,0.57
798,0.0,0.58
799,0.0,0.59
800,0.0,0.6
801,0.0,0.61
802,0.0,0.62
803,0.0,0.63
804,0.0,0.64
805,0.0,0.65
806,0.0,0.66
807,0.0,0.67
808,0.0,0.68
809,0.0,0.69
810,0.0,0.7
811,0.0,0.71
812,0.0,0.72
813,0.0,0.73
814,0.0,0.74
815,0.0,0.75
816,0.0,0.76
817,0.0,0.77
818,0.0,0.78
819,0.0,0.79
820,0.0,0.8
821,0.0,0.81
822,0.0,0.82
823,0.0,0.83
824,0.0,0.84
825,0.0,0.85
826,0.0,0.86
827,0.0,0.87
828,0.0,0.88
829,0.0,0.89
830,0.0,0.9
831,0.0,0.91
832,0.0,0.92
833,0.0,0.93
834,0.0,0.94
835,0.0,0.95
836,0.0,0.96
837,0.0,0.97
838,0.0,0.98
839,0.0,0.99
840,0.0,1.0
841,0.0,0.9841269841269842
842,0.0,0.9682539682539683
843,0.0,0.9523809523809523
844,0.0,0.9365079365079365
845,0.0,0.9206349206349207
846,0.0,0.9047619047619048
847,0.0,0.8888888888888888
848,0.0,0.873015873015873
849,0.0,0.8571428571428572
850,0.0,0.8412698412698413
851,0.0,0.8253968253968254
852,0.0,0.8095238095238095
853,0.0,0.7936507936507937
854,0.0,0.7777777777777778
855,0.0,0.7619047619047619
856,0.0,0.746031746031746
857,0.0,0.7301587301587302
858,0.0,0.7142857142857143
859,0.0,0.0
860,0.0,0.013333333333333334
861,0.0,0.02666666666666667
862,0.0,0.04
863,0.0,0.05333333333333334
864,0.0,0.06666666666666667
865,0.0,0.08
866,0.0,0.09333333333333334
867,0.0,0.10666666666666667
868,0.0,0.12
869,0.0,0.13333333333333333
870,0.0,0.14666666666666667
871,0.0,0.16
872,0.0,0.17333333333333334
873,0.0,0.18666666666666668
874,0.0,0.2
875,0.0,0.21333333333333335
876,0.0,0.22666666666666666
877,0.0,0.24
878,0.0,0.25333333333333335
879,0.0,0.26666666666666666
880,0.01,0.28
881,0.02,0.29333333333333333
882,0.03,0.30666666666666664
883,0.04,0.32
884,0.05,0.3333333333333333
885,0.06,0.3466666666666667
886,0.07,0.36
887,0.08,0.37333333333333335
888,0.09,0.38666666666666666
889,0.1,0.4
890,0.11,0.41333333333333333
891,0.12,0.4266666666666667
892,0.13,0.44
893,0.14,0.4533333333333333
894,0.15,0.4666666666666667
895,0.16,0.48
896,0.17,0.49333333333333335
897,0.18,0.5066666666666667
898,0.19,0.52
899,0.2,0.5333333333333333
900,0.21,0.5466666666666666
901,0.22,0.56
902,0.23,0.5733333333333334
903,0.24,0.5866666666666667
904,0.25,0.6
905,0.26,0.6133333333333333
906,0.27,0.6266666666666667
907,0.28,0.64
908,0.29,0.6533333333333333
909,0.3,0.6666666666666666
910,0.31,0.68
911,0.32,0.6933333333333334
912,0.33,0.7066666666666667
913,0.34,0.72
914,0.35,0.7333333333333333
915,0.36,0.7466666666666667
916,0.37,0.76
917,0.38,0.7733333333333333
918,0.39,0.7866666666666666
919,0.4,0.8
920,0.41,0.8133333333333334
921,0.42,0.8266666666666667
922,0.43,0.84
923,0.44,0.8533333333333334
924,0.45,0.8666666666666667
925,0.46,0.88
926,0.47,0.8933333333333333
927,0.48,0.9066666666666666
928,0.49,0.92
929,0.5,0.9333333333333333
930,0.51,0.9466666666666667
931,0.52,0.96
932,0.53,0.9733333333333334
933,0.54,0.9866666666666667
934,0.55,1.0
935,0.56,0.962962962962963
936,0.57,0.9259259259259259
937,0.58,0.8888888888888888
938,0.59,0.8518518518518519
939,0.6,0.8148148148148149
940,0.61,0.7777777777777778
941,0.62,0.7407407407407407
942,0.63,0.7037037037037037
943,0.64,0.6666666666666667
944,0.65,0.6296296296296297
945,0.66,0.5925925925925926
946,0.67,0.5555555555555556
947,0.68,0.5185185185185186
948,0.69,0.4814814814814815
949,0.7,0.4444444444444444
950,0.71,0.40740740740740744
951,0.72,0.37037037037037035
952,0.73,0.33333333333333337
953,0.74,0.2962962962962963
954,0.75,0.2592592592592593
955,0.76,0.2222222222222222
956,0.77,0.18518518518518523
957,0.78,0.14814814814814814
958,0.79,0.11111111111111116
959,0.8,0.07407407407407407
960,0.81,0.03703703703703709
961,0.82,0.0
962,0.83,0.0
963,0.84,0.0
964,0.85,0.0
965,0.86,0.0
966,0.87,0.0
967,0.88,0.0
968,0.89,0.0
969,0.9,0.0
970,0.91,0.0
971,0.92,0.0
972,0.93,0.0
973,0.94,0.0
974,0.95,0.0
975,0.96,0.0
976,0.97,0.0
977,0.98,0.0
978,0.99,0.0
979,1.0,0.0
980,0.99,0.0
981,0.98,0.0
982,0.97,0.0
983,0.96,0.0
984,0.95,0.0
985,0.94,0.0
986,0.9299999999999999,0.0
987,0.92,0.0
988,0.91,0.0
989,0.9,0.0
990,0.89,0.0
991,0.88,0.0
992,0.87,0.0
993,0.86,0.0
994,0.85,0.0
995,0.84,0.0
996,0.83,0.0
997,0.8200000000000001,0.0
998,0.81,0.0
999,0.8,0.0
1000,0.79,0.0
1001,0.78,0.0
1002,0.77,0.0
1003,0.76,0.0
1004,0.75,0.0
1005,0.74,0.0
1006,0.73,0.0
1007,0.72,0.0
1008,0.71,0.0
1009,0.7,0.0
1010,0.69,0.0
1011,0.6799999999999999,0.0
1012,0.6699999999999999,0.0
1013,0.6599999999999999,0.0
1014,0.65,0.0
1015,0.64,0.0
1016,0.63,0.0
1017,0.62,0.021739130434782608
1018,0.61,0.043478260869565216
1019,0.6,0.06521739130434782
1020,0.5900000000000001,0.08695652173913043
1021,0.5800000000000001,0.10869565217391304
1022,0.5700000000000001,0.13043478260869565
1023,0.56,0.15217391304347827
1024,0.55,0.17391304347826086
1025,0.54,0.1956521739130435
1026,0.53,0.21739130434782608
1027,0.52,0.2391304347826087
1028,0.51,0.2608695652173913
1029,0.5,0.2826086956521739
1030,0.49,0.30434782608695654
1031,0.48,0.32608695652173914
1032,0.47,0.34782608695652173
1033,0.45999999999999996,0.3695652173913043
1034,0.44999999999999996,0.391304347826087
1035,0.43999999999999995,0.41304347826086957
1036,0.43000000000000005,0.43478260869565216
1037,0.42000000000000004,0.45652173913043476
1038,0.41000000000000003,0.4782608695652174
1039,0.4,0.5
1040,0.39,0.5217391304347826
1041,0.38,0.5434782608695652
1042,0.37,0.5652173913043478
1043,0.36,0.5869565217391305
1044,0.35,0.6086956521739131
1045,0.33999999999999997,0.6304347826086957
1046,0.32999999999999996,0.6521739130434783
1047,0.31999999999999995,0.6739130434782609
1048,0.31000000000000005,0.6956521739130435
1049,0.30000000000000004,0.717391304347826
1050,0.29000000000000004,0.7391304347826086
1051,0.28,0.7608695652173914
1052,0.27,0.782608695652174
1053,0.26,0.8043478260869565
1054,0.25,0.8260869565217391
1055,0.24,0.8478260869565217
1056,0.22999999999999998,0.8695652173913043
1057,0.21999999999999997,0.8913043478260869
1058,0.20999999999999996,0.9130434782608695
1059,0.19999999999999996,0.9347826086956522
1060,0.18999999999999995,0.9565217391304348
1061,0.18000000000000005,0.9782608695652174
1062,0.17000000000000004,1.0
1063,0.16000000000000003,0.9811320754716981
1064,0.15000000000000002,0.9622641509433962
1065,0.14,0.9433962264150944
1066,0.13,0.9245283018867925
1067,0.12,0.9056603773584906
1068,0.10999999999999999,0.8867924528301887
1069,0.09999999999999998,0.8679245283018868
1070,0.08999999999999997,0.8490566037735849
1071,0.07999999999999996,0.8301886792452831
1072,0.06999999999999995,0.8113207547169812
1073,0.06000000000000005,0.7924528301886793
1074,0.050000000000000044,0.7735849056603774
1075,0.040000000000000036,0.7547169811320755
1076,0.030000000000000027,0.7358490566037736
1077,0.020000000000000018,0.7169811320754718
1078,0.010000000000000009,0.6981132075471699
1079,0.0,0.679245283018868
1080,0.0,0.6603773584905661
1081,0.0,0.6415094339622642
1082,0.0,0.6226415094339622
1083,0.0,0.6037735849056604
1084,0.0,0.5849056603773585
1085,0.0,0.5660377358490566
1086,0.0,0.5471698113207547
1087,0.0,0.5283018867924528
1088,0.0,0.5094339622641509
1089,0.0,0.49056603773584906
1090,0.0,0.4716981132075472
1091,0.0,0.4528301886792453
1092,0.0,0.4339622641509434
1093,0.0,0.41509433962264153
1094,0.0,0.39622641509433965
1095,0.0,0.37735849056603776
1096,0.0,0.3584905660377359
1097,0.0,0.339622641509434
1098,0.0,0.3207547169811321
1099,0.0,0.30188679245283023
1100,0.0,0.28301886792452835
1101,0.0,0.26415094339622647
1102,0.0,0.24528301886792447
1103,0.0,0.2264150943396226
1104,0.0,0.2075471698113207
1105,0.0,0.18867924528301883
1106,0.0,0.16981132075471694
1107,0.0,0.15094339622641506
1108,0.0,0.13207547169811318
1109,0.0,0.1132075471698113
1110,0.0,0.09433962264150941
1111,0.0,0.07547169811320753
1112,0.0,0.05660377358490565
1113,0.0,0.037735849056603765
1114,0.0,0.018867924528301883
1115,0.0,0.0
1116,0.0,0.0
1117,0.0,0.0
1118,0.0,0.0
1119,0.0,0.0
1120,0.0,0.0
1121,0.0,0.0
1122,0.0,0.0
1123,0.0,0.0
1124,0.0,0.0
1125,0.0,0.0
1126,0.0,0.0
1127,0.0,0.0
1128,0.0,0.0
1129,0.0,0.0
1130,0.0,0.0
1131,0.0,0.0
1132,0.0,0.0
1133,0.0,0.0
1134,0.0,0.0
1135,0.0,0.0
1136,0.0,0.0
1137,0.0,0.0
1138,0.0,0.0
1139,0.0,0.0
1140,0.0,0.0
1141,0.0,0.0
1142,0.0,0.0
1143,0.0,0.0
1144,0.0,0.0
1145,0.0,0.0
1146,0.0,0.0
1147,0.0,0.0
1148,0.0,0.0
1149,0.0,0.0
1150,0.0,0.0
1151,0.0,0.0
1152,0.0,0.0
1153,0.0,0.0
1154,0.0,0.0
1155,0.0,0.0
1156,0.0,0.0
1157,0.0,0.0
1158,0.0,0.0
1159,0.0,0.0
1160,0.0,0.0
1161,0.0,0.0
1162,0.0,0.0
1163,0.0,0.0
1164,0.0,0.0
1165,0.0,0.0
1166,0.0,0.0
1167,0.0,0.0
1168,0.0,0.0
1169,0.0,0.0
1170,0.0,0.0
1171,0.0,0.0
1172,0.0,0.0
1173,0.0,0.0
1174,0.0,0.0
1175,0.0,0.0
1176,0.0,0.0
1177,0.0,0.0
1178,0.0,0.0
1179,0.0,0.0
1180,0.0,0.0
1181,0.0,0.0
1182,0.0,0.0
1183,0.0,0.0
1184,0.0,0.0
1185,0.0,0.0
1186,0.0,0.0
1187,0.0,0.0
1188,0.0,0.0
1189,0.0,0.0
1190,0.0,0.0
1191,0.0,0.0
1192,0.0,0.0
1193,0.0,0.0
1194,0.0,0.0
1195,0.0,0.0
1196,0.0,0.0
1197,0.0,0.0
1198,0.0,0.0
1199,0.0,0.0
1200,0.0,0.0
1201,0.0,0.0
1202,0.0,0.0
1203,0.0,0.0
1204,0.0,0.0
1205,0.0,0.0
1206,0.0,0.0
1207,0.0,0.0
1208,0.0,0.0
1209,0.0,0.0
1210,0.0,0.0
1211,0.0,0.0
1212,0.0,0.0
1213,0.0,0.0
1214,0.0,0.0
1215,0.0,0.0
1216,0.0,0.0
1217,0.0,0.0
1218,0.0,0.0
1219,0.0,0.0
1220,0.0,0.0
1221,0.0,0.0
1222,0.0,0.0
1223,0.0,0.0
1224,0.0,0.0
1225,0.0,0.0
1226,0.0,0.0
1227,0.0,0.0
1228,0.0,0.0
1229,0.0,0.0
1230,0.0,0.0
1231,0.0,0.0
1232,0.0,0.0
1233,0.0,0.0
1234,0.0,0.0
1235,0.0,0.0
1236,0.0,0.0
1237,0.0,0.0
1238,0.0,0.0
1239,0.0,0.0
1240,0.0,0.0
1241,0.0,0.0
1242,0.0,0.0
1243,0.0,0.0
1244,0.0,0.0
1245,0.0,0.0
1246,0.0,0.0
1247,0.0,0.0
1248,0.0,0.0
1249,0.0,0.0
1250,0.0,0.0
1251,0.0,0.0
1252,0.0,0.0
1253,0.0,0.0
1254,0.0,0.0
1255,0.0,0.0
1256,0.0,0.0
1257,0.0,0.0
1258,0.0,0.0
1259,0.0,0.0
1260,0.0,0.0
1261,0.0,0.0
1262,0.0,0.0
1263,0.0,0.0
1264,0.0,0.0
1265,0.0,0.0
1266,0.0,0.0
1267,0.0,0.0
1268,0.0,0.0
1269,0.0,0.0
1270,0.0,0.0
1271,0.0,0.0
1272,0.0,0.0
1273,0.0,0.0
1274,0.0,0.0
1275,0.0,0.0
1276,0.0,0.0
1277,0.0,0.0
1278,0.0,0.0
1279,0.0,0.0
1280,0.0,0.0
1281,0.0,0.0
1282,0.0,0.0
1283,0.0,0.0
1284,0.0,0.0
1285,0.0,0.0
1286,0.0,0.0
1287,0.0,0.0
1288,0.0,0.0
1289,0.0,0.0
1290,0.0,0.0
1291,0.0,0.0
1292,0.0,0.0
1293,0.0,0.0
1294,0.0,0.0
1295,0.0,0.0
1296,0.0,0.0
1297,0.041666666666666664,0.0
1298,0.08333333333333333,0.0
1299,0.125,0.0
1300,0.16666666666666666,0.0
1301,0.20833333333333334,0.0
1302,0.25,0.0
1303,0.2916666666666667,0.0
1304,0.3333333333333333,0.0
1305,0.375,0.0
1306,0.4166666666666667,0.0
1307,0.4583333333333333,0.0
1308,0.5,0.0
1309,0.5416666666666666,0.0
1310,0.5833333333333334,0.0
1311,0.625,0.0
1312,0.6666666666666666,0.0
1313,0.7083333333333334,0.0
1314,0.75,0.0
1315,0.7916666666666666,0.0
1316,0.8333333333333334,0.0
1317,0.875,0.0
1318,0.9166666666666666,0.0
1319,0.9583333333333334,0.0
1320,1.0,0.0
1321,0.99,0.0
1322,0.98,0.0
1323,0.97,0.0
1324,0.96,0.0
1325,0.95,0.0
1326,0.94,0.0
1327,0.9299999999999999,0.0
1328,0.92,0.0
1329,0.91,0.0
1330,0.9,0.0
1331,0.89,0.0
1332,0.88,0.0
1333,0.87,0.0
1334,0.86,0.0
1335,0.85,0.0
1336,0.84,0.0
1337,0.83,0.0
1338,0.8200000000000001,0.0
1339,0.81,0.0
1340,0.0,0.0
1341,0.010416666666666666,0.0
1342,0.020833333333333332,0.0
1343,0.03125,0.0
1344,0.041666666666666664,0.0
1345,0.052083333333333336,0.0
1346,0.0625,0.0
1347,0.07291666666666667,0.0
1348,0.08333333333333333,0.0
1349,0.09375,0.0
1350,0.10416666666666667,0.0
1351,0.11458333333333333,0.0
1352,0.125,0.0
1353,0.13541666666666666,0.0
1354,0.14583333333333334,0.0
1355,0.15625,0.0
1356,0.16666666666666666,0.0
1357,0.17708333333333334,0.0
1358,0.1875,0.0
1359,0.19791666666666666,0.0
1360,0.20833333333333334,0.0
1361,0.21875,0.0
1362,0.22916666666666666,0.0
1363,0.23958333333333334,0.0
1364,0.25,0.0
1365,0.2604166666666667,0.0
1366,0.2708333333333333,0.0
1367,0.28125,0.0
1368,0.2916666666666667,0.0
1369,0.3020833333333333,0.0
1370,0.3125,0.0
1371,0.3229166666666667,0.0
1372,0.3333333333333333,0.0
1373,0.34375,0.0
1374,0.3541666666666667,0.0
1375,0.3645833333333333,0.0
1376,0.375,0.0
1377,0.3854166666666667,0.0
1378,0.3958333333333333,0.0
1379,0.40625,0.0
1380,0.4166666666666667,0.0
1381,0.4270833333333333,0.0
1382,0.4375,0.0
1383,0.4479166666666667,0.0
1384,0.4583333333333333,0.0
1385,0.46875,0.0
1386,0.4791666666666667,0.0
1387,0.4895833333333333,0.0
1388,0.5,0.0
1389,0.5104166666666666,0.0
1390,0.5208333333333334,0.0
1391,0.53125,0.0
1392,0.5416666666666666,0.0
1393,0.5520833333333334,0.0
1394,0.5625,0.0
1395,0.5729166666666666,0.0
1396,0.5833333333333334,0.0
1397,0.59375,0.0
1398,0.6041666666666666,0.0
1399,0.6145833333333334,0.0
1400,0.625,0.0
1401,0.6354166666666666,0.0
1402,0.6458333333333334,0.0
1403,0.65625,0.0
1404,0.6666666666666666,0.0
1405,0.6770833333333334,0.0
1406,0.6875,0.0
1407,0.6979166666666666,0.0
1408,0.7083333333333334,0.0
1409,0.71875,0.0
1410,0.7291666666666666,0.0
1411,0.7395833333333334,0.0
1412,0.75,0.0
1413,0.7604166666666666,0.0
1414,0.7708333333333334,0.0
1415,0.78125,0.0
1416,0.7916666666666666,0.0
1417,0.8020833333333334,0.0
1418,0.8125,0.0
1419,0.8229166666666666,0.0
1420,0.8333333333333334,0.0
1421,0.84375,0.0
1422,0.8541666666666666,0.0
1423,0.8645833333333334,0.0
1424,0.875,0.0
1425,0.8854166666666666,0.0
1426,0.8958333333333334,0.0
1427,0.90625,0.0
1428,0.9166666666666666,0.0
1429,0.9270833333333334,0.0
1430,0.9375,0.0
1431,0.9479166666666666,0.0
1432,0.9583333333333334,0.0
1433,0.96875,0.01
1434,0.9791666666666666,0.02
1435,0.9895833333333334,0.03
1436,1.0,0.04
1437,0.99,0.05
1438,0.98,0.06
1439,0.97,0.07
1440,0.96,0.08
1441,0.95,0.09
1442,0.94,0.1
1443,0.9299999999999999,0.11
1444,0.92,0.12
1445,0.91,0.13
1446,0.9,0.14
1447,0.89,0.15
1448,0.88,0.16
1449,0.87,0.17
1450,0.86,0.18
1451,0.85,0.19
1452,0.84,0.2
1453,0.83,0.21
1454,0.8200000000000001,0.22
1455,0.81,0.23
1456,0.8,0.24
1457,0.79,0.25
1458,0.78,0.26
1459,0.77,0.27
1460,0.76,0.28
1461,0.75,0.29
1462,0.74,0.3
1463,0.73,0.31
1464,0.72,0.32
1465,0.71,0.33
1466,0.7,0.34
1467,0.69,0.35
1468,0.6799999999999999,0.36
1469,0.6699999999999999,0.37
1470,0.6599999999999999,0.38
1471,0.65,0.39
1472,0.64,0.4
1473,0.63,0.41
1474,0.62,0.42
1475,0.61,0.43
1476,0.6,0.44
1477,0.5900000000000001,0.45
1478,0.5800000000000001,0.46
1479,0.5700000000000001,0.47
1480,0.56,0.48
1481,0.55,0.49
1482,0.54,0.5
1483,0.53,0.51
1484,0.52,0.52
1485,0.51,0.53
1486,0.5,0.54
1487,0.49,0.55
1488,0.48,0.56
1489,0.47,0.57
1490,0.45999999999999996,0.58
1491,0.44999999999999996,0.59
1492,0.43999999999999995,0.6
1493,0.43000000000000005,0.61
1494,0.42000000000000004,0.62
1495,0.41000000000000003,0.63
1496,0.4,0.64
1497,0.39,0.65
1498,0.38,0.66
1499,0.37,0.67
1500,0.36,0.68
1501,0.35,0.69
1502,0.33999999999999997,0.7
1503,0.32999999999999996,0.71
1504,0.31999999999999995,0.72
1505,0.31000000000000005,0.73
1506,0.30000000000000004,0.74
1507,0.29000000000000004,0.75
1508,0.28,0.76
1509,0.27,0.77
1510,0.26,0.78
1511,0.25,0.79
1512,0.24,0.8
1513,0.22999999999999998,0.81
1514,0.21999999999999997,0.82
1515,0.20999999999999996,0.83
1516,0.19999999999999996,0.84
1517,0.18999999999999995,0.85
1518,0.18000000000000005,0.86
1519,0.17000000000000004,0.87
1520,0.16000000000000003,0.88
1521,0.15000000000000002,0.89
1522,0.14,0.9
1523,0.13,0.91
1524,0.12,0.92
1525,0.10999999999999999,0.93
1526,0.09999999999999998,0.94
1527,0.08999999999999997,0.95
1528,0.07999999999999996,0.96
1529,0.06999999999999995,0.97
1530,0.06000000000000005,0.98
1531,0.050000000000000044,0.99
1532,0.040000000000000036,1.0
1533,0.030000000000000027,0.9655172413793104
1534,0.020000000000000018,0.9310344827586207
1535,0.010000000000000009,0.896551724137931
1536,0.0,0.8620689655172413
1537,0.0,0.8275862068965517
1538,0.0,0.7931034482758621
1539,0.0,0.7586206896551724
1540,0.0,0.7241379310344828
1541,0.0,0.6896551724137931
1542,0.0,0.6551724137931034
1543,0.0,0.0
1544,0.0,0.024390243902439025
1545,0.0,0.04878048780487805
1546,0.0,0.07317073170731707
1547,0.0,0.0975609756097561
1548,0.0,0.12195121951219512
1549,0.0,0.14634146341463414
1550,0.0,0.17073170731707318
1551,0.0,0.1951219512195122
1552,0.0,0.21951219512195122
1553,0.0,0.24390243902439024
1554,0.0,0.2682926829268293
1555,0.0,0.2926829268292683
1556,0.0,0.3170731707317073
1557,0.0,0.34146341463414637
1558,0.0,0.36585365853658536
1559,0.0,0.3902439024390244
1560,0.0,0.4146341463414634
1561,0.0,0.43902439024390244
1562,0.0,0.4634146341463415
1563,0.0,0.4878048780487805
1564,0.0,0.5121951219512195
1565,0.0,0.5365853658536586
1566,0.0,0.5609756097560976
1567,0.0,0.5853658536585366
1568,0.0,0.6097560975609756
1569,0.0,0.6341463414634146
1570,0.0,0.6585365853658537
1571,0.0,0.6829268292682927
1572,0.0,0.7073170731707317
1573,0.0,0.7317073170731707
1574,0.0,0.7560975609756098
1575,0.0,0.7804878048780488
1576,0.0,0.8048780487804879
1577,0.0,0.8292682926829268
1578,0.0,0.8536585365853658
1579,0.0,0.8780487804878049
1580,0.0,0.9024390243902439
1581,0.0,0.926829268292683
1582,0.0,0.9512195121951219
1583,0.0,0.975609756097561
1584,0.0,1.0
1585,0.0,0.99
1586,0.0,0.98
1587,0.0,0.97
1588,0.0,0.96
1589,0.0,0.95
1590,0.0,0.94
1591,0.0,0.9299999999999999
1592,0.0,0.92
1593,0.0,0.91
1594,0.0,0.9
1595,0.0,0.89
1596,0.0,0.88
1597,0.0,0.87
1598,0.0,0.86
1599,0.0,0.85
1600,0.0,0.84
1601,0.0,0.83
1602,0.0,0.8200000000000001
1603,0.0,0.81
1604,0.0,0.8
1605,0.0,0.79
1606,0.0,0.78
1607,0.0,0.77
1608,0.0,0.76
1609,0.0,0.75
1610,0.0,0.74
1611,0.0,0.73
1612,0.0,0.72
1613,0.0,0.71
1614,0.0,0.7
1615,0.0,0.69
1616,0.0,0.6799999999999999
1617,0.0,0.6699999999999999
1618,0.0,0.6599999999999999
1619,0.0,0.65
1620,0.0,0.64
1621,0.0,0.63
1622,0.0,0.62
1623,0.0,0.61
1624,0.0,0.6
1625,0.0,0.5900000000000001
1626,0.0,0.5800000000000001
1627,0.0,0.5700000000000001
1628,0.0,0.56
1629,0.0,0.55
1630,0.0,0.54
1631,0.0,0.53
1632,0.0,0.52
1633,0.0,0.51
1634,0.0,0.5
1635,0.0,0.49
1636,0.0,0.48
1637,0.0,0.47
1638,0.0,0.45999999999999996
1639,0.0,0.44999999999999996
1640,0.0,0.43999999999999995
1641,0.0,0.43000000000000005
1642,0.0,0.42000000000000004
1643,0.0,0.41000000000000003
1644,0.0,0.4
1645,0.0,0.39
1646,0.0,0.38
1647,0.0,0.37
1648,0.0,0.36
1649,0.0,0.35
1650,0.0,0.33999999999999997
1651,0.0,0.32999999999999996
1652,0.0,0.31999999999999995
1653,0.0,0.31000000000000005
1654,0.0,0.30000000000000004
1655,0.0,0.29000000000000004
1656,0.0,0.28
1657,0.0,0.27
1658,0.0,0.26
1659,0.0,0.25
1660,0.0,0.24
1661,0.0,0.22999999999999998
1662,0.0,0.21999999999999997
1663,0.0,0.20999999999999996
1664,0.0,0.19999999999999996
1665,0.0,0.18999999999999995
1666,0.0,0.18000000000000005
1667,0.0,0.17000000000000004
1668,0.0,0.16000000000000003
1669,0.0,0.15000000000000002
1670,0.0,0.14
1671,0.0,0.13
1672,0.0,0.12
1673,0.0,0.10999999999999999
1674,0.0,0.09999999999999998
1675,0.0,0.08999999999999997
1676,0.0,0.07999999999999996
1677,0.0,0.06999999999999995
1678,0.0,0.06000000000000005
1679,0.0,0.050000000000000044
1680,0.0,0.040000000000000036
1681,0.0,0.030000000000000027
1682,0.0,0.020000000000000018
1683,0.0,0.010000000000000009
1684,0.0,0.0
1685,0.0,0.0
1686,0.0,0.0
1687,0.0,0.0
1688,0.0,0.0
1689,0.0,0.0
1690,0.0,0.0
1691,0.0,0.0
1692,0.0,0.0
1693,0.0,0.0
1694,0.0,0.0
1695,0.0,0.0
1696,0.0,0.0
1697,0.0,0.0
1698,0.0,0.0
1699,0.0,0.0
1700,0.0,0.0
1701,0.0,0.0
1702,0.0,0.0
1703,0.0,0.0
1704,0.0,0.0
1705,0.0,0.0
1706,0.0,0.0
1707,0.0,0.0
1708,0.0,0.0
1709,0.0,0.0
1710,0.0,0.0
1711,0.0,0.0
1712,0.0,0.0
1713,0.0,0.0
1714,0.0,0.0
1715,0.0,0.0
1716,0.0,0.0
1717,0.0,0.0
1718,0.0,0.0
1719,0.0,0.0
1720,0.0,0.0
1721,0.0,0.0
1722,0.0,0.0
1723,0.0,0.0
1724,0.0,0.0
1725,0.0,0.0
1726,0.0,0.0
1727,0.0,0.0
1728,0.0,0.0
1729,0.0,0.0
1730,0.0,0.0
1731,0.0,0.0
1732,0.0,0.0
1733,0.0,0.0
1734,0.0,0.0
1735,0.0,0.0
1736,0.0,0.0
1737,0.0,0.0
1738,0.0,0.0
1739,0.0,0.0
1740,0.0,0.0
1741,0.0,0.0
1742,0.0,0.0
1743,0.0,0.0
1744,0.0,0.0
1745,0.0,0.0
1746,0.0,0.0
1747,0.0,0.0
1748,0.0,0.0
1749,0.0,0.0
1750,0.0,0.0
1751,0.0,0.0
1752,0.0,0.0
1753,0.0,0.0
1754,0.0,0.0
1755,0.0,0.0
1756,0.0,0.0
1757,0.0,0.0
1758,0.0,0.0
1759,0.0,0.0
1760,0.0,0.0
1761,0.0,0.0
1762,0.0,0.0
1763,0.0,0.0
1764,0.0,0.0
1765,0.0,0.0
1766,0.0,0.0
1767,0.0,0.0
1768,0.0,0.0
1769,0.0,0.0
1770,0.0,0.0
1771,0.0,0.0
1772,0.0,0.0
1773,0.0,0.0
1774,0.0,0.0
1775,0.0,0.0
1776,0.0,0.0
1777,0.0,0.0
1778,0.0,0.0
1779,0.0,0.0
1780,0.0,0.0
1781,0.0,0.0
1782,0.0,0.0
1783,0.0,0.0
1784,0.0,0.0
1785,0.0,0.0
1786,0.0,0.0
1787,0.0,0.0
1788,0.0,0.0
1789,0.0,0.0
1790,0.0,0.0
1791,0.0,0.0
1792,0.0,0.0
1793,0.0,0.0
1794,0.0,0.0
1795,0.0,0.0
1796,0.0,0.0
1797,0.0,0.0
1798,0.0,0.0
1799,0.0,0.0
1800,0.0,0.0
1801,0.0,0.0
1802,0.0,0.0
1803,0.0,0.0
1804,0.0,0.0
1805,0.0,0.0
1806,0.0,0.0
1807,0.0,0.0
1808,0.0,0.0
1809,0.0,0.0
1810,0.0,0.0
1811,0.0,0.0
1812,0.0,0.0
1813,0.0,0.0
1814,0.0,0.0
1815,0.0,0.0
1816,0.0,0.0
1817,0.0,0.0
1818,0.0,0.0
1819,0.0,0.0
1820,0.0,0.0
1821,0.0,0.0
1822,0.0,0.0
1823,0.0,0.0
1824,0.0,0.0
1825,0.0,0.0
1826,0.0,0.0
1827,0.0,0.0
1828,0.0,0.0
1829,0.0,0.0
1830,0.0,0.0
1831,0.0,0.0
1832,0.0,0.0
1833,0.0,0.0
1834,0.0,0.0
1835,0.0,0.0
1836,0.0,0.0
1837,0.0,0.0
1838,0.0,0.0
1839,0.0,0.0
1840,0.0,0.0
1841,0.0,0.0
1842,0.0,0.0
1843,0.0,0.0
1844,0.0,0.0
1845,0.0,0.0
1846,0.0,0.0
1847,0.0,0.0
1848,0.0,0.0
1849,0.0,0.0
1850,0.0,0.0
1851,0.0,0.0
1852,0.0,0.0
1853,0.0,0.0
1854,0.0,0.0
1855,0.0,0.0
1856,0.0,0.0
1857,0.0,0.0
1858,0.0,0.0
1859,0.0,0.0
1860,0.0,0.0
1861,0.0,0.0
1862,0.0,0.0
1863,0.0,0.0
1864,0.0,0.0
1865,0.0,0.0
1866,0.0,0.0
1867,0.0,0.0
1868,0.0,0.0
1869,0.0,0.0
1870,0.0,0.0
1871,0.0,0.0
1872,0.0,0.0
1873,0.0,0.0
1874,0.0,0.0
1875,0.0,0.0
1876,0.0,0.0
1877,0.0,0.0
1878,0.0,0.0
1879,0.0,0.0
1880,0.0,0.0
1881,0.0,0.0
1882,0.0,0.0
1883,0.0,0.0
1884,0.0,0.0
1885,0.0,0.0
1886,0.0,0.0
1887,0.0,0.0
1888,0.0,0.0
1889,0.0,0.0
1890,0.0,0.0
1891,0.0,0.0
1892,0.0,0.0
1893,0.0,0.0
1894,0.0,0.0
1895,0.0,0.0
1896,0.0,0.0
1897,0.0,0.0
1898,0.0,0.0
1899,0.0,0.0
1900,0.0,0.0
1901,0.0,0.0
1902,0.0,0.0
1903,0.0,0.0
1904,0.0,0.0
1905,0.0,0.0
1906,0.0,0.0
1907,0.0,0.0
1908,0.0,0.0
1909,0.0,0.0
1910,0.0,0.0
1911,0.0,0.0
1912,0.0,0.0
1913,0.0,0.0
1914,0.0,0.0
1915,0.0,0.0
1916,0.0,0.0
1917,0.0,0.0
1918,0.0,0.0
1919,0.0,0.0
1920,0.0,0.0
1921,0.0,0.0
1922,0.0,0.0
1923,0.0,0.0
1924,0.0,0.0
1925,0.0,0.0
1926,0.0,0.0
1927,0.0,0.0
1928,0.0,0.0
1929,0.0,0.0
1930,0.0,0.0
1931,0.0,0.0
1932,0.0,0.0
1933,0.0,0.0
1934,0.0,0.0
1935,0.0,0.0
1936,0.0,0.0
1937,0.0,0.0
1938,0.0,0.0
1939,0.0,0.0
1940,0.0,0.0
1941,0.0,0.0
1942,0.0,0.0
1943,0.0,0.0
1944,0.0,0.0
1945,0.0,0.0
1946,0.0,0.0
1947,0.0,0.0
1948,0.0,0.0
1949,0.0,0.0
1950,0.0,0.0
1951,0.0,0.0
1952,0.0,0.0
1953,0.0,0.0
1954,0.0,0.0
1955,0.0,0.0
1956,0.0,0.0
1957,0.01,0.0
1958,0.02,0.0
1959,0.03,0.0
1960,0.04,0.0
1961,0.05,0.0
1962,0.06,0.0
1963,0.07,0.0
1964,0.08,0.0
1965,0.09,0.0
1966,0.1,0.0
1967,0.11,0.0
1968,0.12,0.0
1969,0.13,0.0
1970,0.14,0.0
1971,0.15,0.0
1972,0.16,0.0
1973,0.17,0.0
1974,0.18,0.0
1975,0.19,0.0
1976,0.2,0.0
1977,0.21,0.0
1978,0.22,0.0
1979,0.23,0.0
1980,0.24,0.0
1981,0.25,0.0
1982,0.26,0.0
1983,0.27,0.0
1984,0.28,0.0
1985,0.29,0.0
1986,0.3,0.0
1987,0.31,0.0
1988,0.32,0.0
1989,0.33,0.0
1990,0.34,0.0
1991,0.35,0.0
1992,0.36,0.0
1993,0.37,0.0
1994,0.38,0.0
1995,0.39,0.0
1996,0.4,0.0
1997,0.41,0.0
1998,0.42,0.0
1999,0.43,0.0
2000,0.44,0.0
2001,0.45,0.0
2002,0.46,0.0
2003,0.47,0.0
2004,0.48,0.0
2005,0.49,0.0
2006,0.5,0.0
2007,0.51,0.0
2008,0.52,0.0
2009,0.53,0.0
2010,0.54,0.0
2011,0.55,0.0
2012,0.56,0.0
2013,0.57,0.0
2014,0.58,0.0
2015,0.59,0.0
2016,0.6,0.0
2017,0.61,0.0
2018,0.62,0.0
2019,0.63,0.0
2020,0.64,0.0
2021,0.65,0.0
2022,0.66,0.0
2023,0.67,0.0
2024,0.68,0.0
2025,0.69,0.0
2026,0.7,0.0
2027,0.71,0.0
2028,0.72,0.0
2029,0.73,0.0
2030,0.74,0.0
2031,0.75,0.0
2032,0.76,0.0
2033,0.77,0.0
2034,0.78,0.0
2035,0.79,0.0
2036,0.8,0.0
2037,0.81,0.0
2038,0.82,0.0
2039,0.83,0.0
2040,0.84,0.0
2041,0.85,0.0
2042,0.86,0.0
2043,0.87,0.0
2044,0.88,0.0
2045,0.89,0.0
2046,0.9,0.0
2047,0.91,0.0
2048,0.92,0.0
2049,0.93,0.0
2050,0.94,0.0
2051,0.95,0.0
2052,0.96,0.0
2053,0.97,0.0
2054,0.98,0.0
2055,0.99,0.0
2056,1.0,0.0
2057,0.9880952380952381,0.0
2058,0.9761904761904762,0.0
2059,0.9642857142857143,0.0
2060,0.9523809523809523,0.0
2061,0.9404761904761905,0.0
2062,0.9285714285714286,0.0
2063,0.9166666666666666,0.0
2064,0.9047619047619048,0.0
2065,0.8928571428571429,0.0
2066,0.8809523809523809,0.0
2067,0.8690476190476191,0.0
2068,0.8571428571428572,0.0
2069,0.8452380952380952,0.0
2070,0.8333333333333334,0.0
2071,0.8214285714285714,0.0
2072,0.8095238095238095,0.0
2073,0.7976190476190477,0.0
2074,0.7857142857142857,0.0
2075,0.7738095238095238,0.0
2076,0.7619047619047619,0.0
2077,0.75,0.0
2078,0.7380952380952381,0.0
2079,0.7261904761904762,0.0
2080,0.7142857142857143,0.0
2081,0.7023809523809523,0.0
2082,0.6904761904761905,0.0
2083,0.6785714285714286,0.0
2084,0.6666666666666667,0.0
2085,0.6547619047619048,0.0
2086,0.6428571428571428,0.0
2087,0.6309523809523809,0.0
2088,0.6190476190476191,0.0
2089,0.6071428571428572,0.0
2090,0.0,0.0
2091,0.013513513513513514,0.0
2092,0.02702702702702703,0.0
2093,0.04054054054054054,0.0
2094,0.05405405405405406,0.0
2095,0.06756756756756757,0.0
2096,0.08108108108108109,0.0
2097,0.0945945945945946,0.0
2098,0.10810810810810811,0.0
2099,0.12162162162162163,0.0
2100,0.13513513513513514,0.0
2101,0.14864864864864866,0.0
2102,0.16216216216216217,0.0
2103,0.17567567567567569,0.0
2104,0.1891891891891892,0.0
2105,0.20270270270270271,0.0
2106,0.21621621621621623,0.0
2107,0.22972972972972974,0.0
2108,0.24324324324324326,0.0
2109,0.25675675675675674,0.0
2110,0.2702702702702703,0.0
2111,0.28378378378378377,0.0
2112,0.2972972972972973,0.0
2113,0.3108108108108108,0.0
2114,0.32432432432432434,0.0
2115,0.33783783783783783,0.0
2116,0.35135135135135137,0.0
2117,0.36486486486486486,0.0
2118,0.3783783783783784,0.0
2119,0.3918918918918919,0.0
2120,0.40540540540540543,0.0
2121,0.4189189189189189,0.0
2122,0.43243243243243246,0.0
2123,0.44594594594594594,0.0
2124,0.4594594594594595,0.0
2125,0.47297297297297297,0.0
2126,0.4864864864864865,0.0
2127,0.5,0.0
2128,0.5135135135135135,0.0
2129,0.527027027027027,0.0
2130,0.5405405405405406,0.0
2131,0.5540540540540541,0.0
2132,0.5675675675675675,0.0
2133,0.581081081081081,0.0
2134,0.5945945945945946,0.0
2135,0.6081081081081081,0.0
2136,0.6216216216216216,0.0
2137,0.6351351351351351,0.0
2138,0.6486486486486487,0.0
2139,0.6621621621621622,0.0
2140,0.6756756756756757,0.0
2141,0.6891891891891891,0.0
2142,0.7027027027027027,0.0
2143,0.7162162162162162,0.0
2144,0.7297297297297297,0.0
2145,0.7432432432432432,0.0
2146,0.7567567567567568,0.0
2147,0.7702702702702703,0.0
2148,0.7837837837837838,0.0
2149,0.7972972972972973,0.0
2150,0.8108108108108109,0.0
2151,0.8243243243243243,0.0
2152,0.8378378378378378,0.0
2153,0.8513513513513513,0.0
2154,0.8648648648648649,0.0
2155,0.8783783783783784,0.0
2156,0.8918918918918919,0.0
2157,0.9054054054054054,0.0
2158,0.918918918918919,0.0
2159,0.9324324324324325,0.0
2160,0.9459459459459459,0.0
2161,0.9594594594594594,0.0
2162,0.972972972972973,0.0
2163,0.9864864864864865,0.0
2164,1.0,0.0
2165,0.9811320754716981,0.0
2166,0.9622641509433962,0.0
2167,0.9433962264150944,0.0
2168,0.9245283018867925,0.0
2169,0.9056603773584906,0.0
2170,0.8867924528301887,0.0
2171,0.8679245283018868,0.0
2172,0.8490566037735849,0.0
2173,0.8301886792452831,0.0
2174,0.8113207547169812,0.0
2175,0.7924528301886793,0.0
2176,0.7735849056603774,0.0
2177,0.7547169811320755,0.0
2178,0.7358490566037736,0.0
2179,0.7169811320754718,0.0
2180,0.6981132075471699,0.0
2181,0.679245283018868,0.0
2182,0.6603773584905661,0.0
2183,0.6415094339622642,0.0
2184,0.0,0.0
2185,0.02040816326530612,0.0
2186,0.04081632653061224,0.0
2187,0.061224489795918366,0.0
2188,0.08163265306122448,0.0
2189,0.10204081632653061,0.0
2190,0.12244897959183673,0.0
2191,0.14285714285714285,0.0
2192,0.16326530612244897,0.0
2193,0.1836734693877551,0.0
2194,0.20408163265306123,0.0
2195,0.22448979591836735,0.0
2196,0.24489795918367346,0.0
2197,0.2653061224489796,0.0
2198,0.2857142857142857,0.0
2199,0.30612244897959184,0.0
2200,0.32653061224489793,0.0
2201,0.3469387755102041,0.0
2202,0.3673469387755102,0.0
2203,0.3877551020408163,0.0
2204,0.40816326530612246,0.0
2205,0.42857142857142855,0.0
2206,0.4489795918367347,0.0
2207,0.46938775510204084,0.0
2208,0.4897959183673469,0.0
2209,0.5102040816326531,0.0
2210,0.5306122448979592,0.0
2211,0.5510204081632653,0.0
2212,0.5714285714285714,0.0
2213,0.5918367346938775,0.0
2214,0.6122448979591837,0.0
2215,0.6326530612244898,0.0
2216,0.6530612244897959,0.0
2217,0.673469387755102,0.0
2218,0.6938775510204082,0.0
2219,0.7142857142857143,0.0
2220,0.7346938775510204,0.0
2221,0.7551020408163265,0.0
2222,0.7755102040816326,0.0
2223,0.7959183673469388,0.0
2224,0.8163265306122449,0.0
2225,0.8367346938775511,0.0
2226,0.8571428571428571,0.0
2227,0.8775510204081632,0.0
2228,0.8979591836734694,0.0
2229,0.9183673469387755,0.0
2230,0.9387755102040817,0.0
2231,0.9591836734693877,0.0
2232,0.9795918367346939,0.0
2233,1.0,0.0
2234,0.99,0.0
2235,0.98,0.0
2236,0.97,0.0
2237,0.96,0.0
2238,0.95,0.0
2239,0.94,0.0
2240,0.9299999999999999,0.0
2241,0.92,0.0
2242,0.91,0.0
2243,0.9,0.0
2244,0.89,0.0
2245,0.88,0.0
2246,0.87,0.0
2247,0.86,0.0
2248,0.85,0.0
2249,0.84,0.0
2250,0.83,0.0
2251,0.8200000000000001,0.0
2252,0.81,0.0
2253,0.8,0.0
2254,0.79,0.0
2255,0.78,0.0
2256,0.77,0.0
2257,0.76,0.0
2258,0.75,0.0
2259,0.74,0.0
2260,0.73,0.0
2261,0.72,0.0
2262,0.71,0.0
2263,0.7,0.0
2264,0.69,0.0
2265,0.6799999999999999,0.0
2266,0.6699999999999999,0.0
2267,0.6599999999999999,0.0
2268,0.65,0.0
2269,0.64,0.0
2270,0.63,0.0
2271,0.62,0.0
2272,0.61,0.0
2273,0.6,0.0
2274,0.5900000000000001,0.0
2275,0.5800000000000001,0.0
2276,0.5700000000000001,0.0
2277,0.56,0.0
2278,0.55,0.0
2279,0.54,0.0
2280,0.53,0.0
2281,0.52,0.0
2282,0.51,0.0
2283,0.5,0.0
2284,0.49,0.0
2285,0.48,0.0
2286,0.47,0.0
2287,0.45999999999999996,0.0
2288,0.44999999999999996,0.0
2289,0.43999999999999995,0.0
2290,0.43000000000000005,0.0
2291,0.42000000000000004,0.0
2292,0.41000000000000003,0.0
2293,0.4,0.0
2294,0.39,0.0
2295,0.38,0.0
2296,0.37,0.0
2297,0.36,0.0
2298,0.35,0.0
2299,0.33999999999999997,0.0
2300,0.32999999999999996,0.0
2301,0.31999999999999995,0.0
2302,0.31000000000000005,0.0
2303,0.30000000000000004,0.0
2304,0.29000000000000004,0.0
2305,0.28,0.0
2306,0.27,0.0
2307,0.26,0.0
2308,0.25,0.0
2309,0.24,0.0
2310,0.22999999999999998,0.0
2311,0.21999999999999997,0.0
2312,0.20999999999999996,0.0
2313,0.19999999999999996,0.0
2314,0.18999999999999995,0.0
2315,0.18000000000000005,0.0
2316,0.17000000000000004,0.0
2317,0.16000000000000003,0.0
2318,0.15000000000000002,0.0
2319,0.14,0.0
2320,0.13,0.0
2321,0.12,0.0
2322,0.10999999999999999,0.0
2323,0.09999999999999998,0.0
2324,0.08999999999999997,0.0
2325,0.07999999999999996,0.0
2326,0.06999999999999995,0.0
2327,0.06000000000000005,0.0
2328,0.050000000000000044,0.0
2329,0.040000000000000036,0.0
2330,0.030000000000000027,0.0
2331,0.020000000000000018,0.0
2332,0.010000000000000009,0.0
2333,0.0,0.0
2334,0.0,0.0
2335,0.0,0.0
2336,0.0,0.0
2337,0.0,0.0
2338,0.0,0.0
2339,0.0,0.0
2340,0.0,0.0
2341,0.0,0.0
2342,0.0,0.0
2343,0.0,0.0
2344,0.0,0.0
2345,0.0,0.0
2346,0.0,0.0
2347,0.0,0.0
2348,0.0,0.0
2349,0.0,0.0
2350,0.0,0.0
2351,0.0,0.0
2352,0.0,0.0
2353,0.0,0.0
2354,0.0,0.0
2355,0.0,0.0
2356,0.0,0.0
2357,0.0,0.0
2358,0.0,0.0
2359,0.0,0.0
2360,0.0,0.0
2361,0.0,0.0
2362,0.0,0.0
2363,0.0,0.0
2364,0.0,0.0
2365,0.0,0.0
2366,0.0,0.0
2367,0.0,0.0
2368,0.0,0.0
2369,0.0,0.0
2370,0.0,0.0
2371,0.0,0.0
2372,0.0,0.0
2373,0.0,0.0
2374,0.0,0.0
2375,0.0,0.0
2376,0.0,0.0
2377,0.0,0.0
2378,0.0,0.0
2379,0.0,0.0
2380,0.0,0.0
2381,0.0,0.0
2382,0.0,0.0
2383,0.0,0.0
2384,0.0,0.0
2385,0.0,0.0
2386,0.0,0.0
2387,0.0,0.0
2388,0.0,0.0
2389,0.0,0.0
2390,0.0,0.0
2391,0.0,0.0
2392,0.0,0.0
2393,0.0,0.0
2394,0.0,0.0
2395,0.0,0.0
2396,0.0,0.0
2397,0.0,0.0
2398,0.0,0.0
2399,0.0,0.0
2400,0.0,0.0
2401,0.0,0.0
2402,0.0,0.0
2403,0.0,0.0
2404,0.0,0.0
2405,0.0,0.0
2406,0.0,0.0
2407,0.0,0.0
2408,0.0,0.0
2409,0.0,0.0
2410,0.0,0.0
2411,0.0,0.0
2412,0.0,0.0
2413,0.0,0.0
2414,0.0,0.0
2415,0.0,0.0
2416,0.0,0.0
2417,0.0,0.0
2418,0.0,0.0
2419,0.0,0.0
2420,0.0,0.0
2421,0.0,0.0
2422,0.0,0.0
2423,0.0,0.0
2424,0.0,0.0
2425,0.0,0.0
2426,0.0,0.0
2427,0.0,0.0
2428,0.0,0.0
2429,0.0,0.0
2430,0.0,0.0
2431,0.0,0.0
2432,0.0,0.0
2433,0.0,0.0
2434,0.0,0.0
2435,0.0,0.0
2436,0.0,0.0
2437,0.0,0.0
2438,0.0,0.0
2439,0.0,0.0
2440,0.0,0.0
2441,0.0,0.0
2442,0.0,0.0
2443,0.0,0.0
2444,0.0,0.0
2445,0.0,0.0
2446,0.0,0.0
2447,0.0,0.0
2448,0.0,0.0
2449,0.0,0.0
2450,0.0,0.0
2451,0.0,0.0
2452,0.0,0.0
2453,0.0,0.0
2454,0.0,0.0
2455,0.0,0.0
2456,0.0,0.0
2457,0.0,0.0
2458,0.0,0.0
2459,0.0,0.0
2460,0.0,0.0
2461,0.0,0.0
2462,0.0,0.0
2463,0.0,0.0
2464,0.0,0.0
2465,0.0,0.0
2466,0.0,0.0
2467,0.0,0.0
2468,0.0,0.0
2469,0.0,0.0
2470,0.0,0.0
2471,0.0,0.0
2472,0.0,0.0
2473,0.0,0.0
2474,0.0,0.0
2475,0.0,0.0
2476,0.0,0.0
2477,0.0,0.0
2478,0.0,0.0
2479,0.0,0.0
2480,0.0,0.0
2481,0.0,0.0
2482,0.0,0.0
2483,0.0,0.0
2484,0.0,0.0
2485,0.0,0.0
2486,0.0,0.0
2487,0.0,0.0
2488,0.0,0.0
2489,0.0,0.0
2490,0.0,0.0
2491,0.0,0.0
2492,0.0,0.0
2493,0.0,0.0
2494,0.0,0.0
2495,0.0,0.0
2496,0.0,0.0
2497,0.0,0.0
2498,0.0,0.0
2499,0.0,0.0
2500,0.0,0.0
2501,0.0,0.0
2502,0.0,0.0
2503,0.0,0.0
2504,0.0,0.0
2505,0.0,0.0
2506,0.0,0.0
2507,0.0,0.0
2508,0.0,0.0
2509,0.0,0.0
2510,0.0,0.0
2511,0.0,0.0
2512,0.0,0.0
2513,0.0,0.0
2514,0.0,0.0
2515,0.0,0.0
2516,0.0,0.0
2517,0.0,0.0
2518,0.0,0.0
2519,0.0,0.0
2520,0.0,0.0
2521,0.0,0.0
2522,0.0,0.0
2523,0.0,0.0
2524,0.0,0.0
2525,0.0,0.0
2526,0.0,0.0
2527,0.0,0.0
2528,0.0,0.0
2529,0.0,0.0
2530,0.0,0.0
2531,0.0,0.0
2532,0.0,0.0
2533,0.0,0.0
2534,0.0,0.0
2535,0.0,0.0
2536,0.0,0.0
2537,0.0,0.0
2538,0.0,0.0
2539,0.0,0.0
2540,0.0,0.0
2541,0.0,0.0
2542,0.0,0.0
2543,0.0,0.0
2544,0.0,0.0
2545,0.0,0.0
2546,0.0,0.0
2547,0.0,0.0
2548,0.0,0.0
2549,0.0,0.0
2550,0.0,0.0
2551,0.0,0.0
2552,0.0,0.0
2553,0.0,0.0
2554,0.0,0.0
2555,0.0,0.0
2556,0.0,0.0
2557,0.0,0.0
2558,0.0,0.0
2559,0.0,0.0
2560,0.0,0.0
2561,0.0,0.0
2562,0.0,0.0
2563,0.0,0.0
2564,0.0,0.0
2565,0.0,0.0
2566,0.0,0.0
2567,0.0,0.0
2568,0.0,0.0
2569,0.0,0.0
2570,0.0,0.0
2571,0.0,0.0
2572,0.0,0.0
2573,0.0,0.0
2574,0.0,0.0
2575,0.0,0.0
2576,0.0,0.0
2577,0.0,0.0
2578,0.0,0.0
2579,0.0,0.0
2580,0.0,0.0
2581,0.0,0.0
2582,0.0,0.0
2583,0.0,0.0
2584,0.0,0.0
2585,0.0,0.0
2586,0.0,0.0
2587,0.0,0.0
2588,0.0,0.0
2589,0.0,0.0
2590,0.0,0.0
2591,0.0,0.0
2592,0.0,0.0
2593,0.0,0.0
2594,0.0,0.0
2595,0.0,0.0
2596,0.0,0.0
2597,0.0,0.0
2598,0.0,0.0
2599,0.0,0.0
2600,0.0,0.0
2601,0.0,0.0
2602,0.0,0.0
2603,0.0,0.0
2604,0.0,0.0
2605,0.0,0.0
2606,0.0,0.0
2607,0.0,0.0
2608,0.0,0.0
2609,0.0,0.0
2610,0.0,0.0
2611,0.0,0.0
2612,0.0,0.0
2613,0.0,0.0
2614,0.0,0.0
2615,0.0,0.0
2616,0.0,0.0
2617,0.0,0.0
2618,0.0,0.0
2619,0.0,0.0
2620,0.0,0.0
2621,0.0,0.0
2622,0.0,0.0
2623,0.0,0.0
2624,0.0,0.0
2625,0.0,0.0
2626,0.0,0.0
2627,0.0,0.0
2628,0.0,0.0
2629,0.0,0.0
2630,0.0,0.0
2631,0.0,0.0
2632,0.0,0.0
2633,0.0,0.0
2634,0.0,0.0
2635,0.0,0.0
2636,0.0,0.0
2637,0.0,0.0
2638,0.0,0.0
2639,0.0,0.0
2640,0.0,0.0
2641,0.0,0.0
2642,0.0,0.0
2643,0.0,0.0
2644,0.0,0.0
2645,0.0,0.0
2646,0.0,0.0
2647,0.0,0.0
2648,0.0,0.0
2649,0.0,0.0
2650,0.0,0.0
2651,0.0,0.0
2652,0.0,0.0
2653,0.0,0.0
2654,0.0,0.0
2655,0.0,0.0
2656,0.0,0.0
2657,0.0,0.0
2658,0.0,0.0
2659,0.0,0.0
2660,0.0,0.0
2661,0.0,0.0
2662,0.0,0.0
2663,0.0,0.0
2664,0.0,0.0
2665,0.0,0.0
2666,0.0,0.0
2667,0.0,0.0
2668,0.0,0.0
2669,0.0,0.0
2670,0.0,0.0
2671,0.0,0.0
2672,0.0,0.0
2673,0.0,0.0
2674,0.0,0.0
2675,0.0,0.0
2676,0.0,0.0
2677,0.0,0.0
2678,0.0,0.0
2679,0.0,0.0
2680,0.0,0.0
2681,0.0,0.0
2682,0.0,0.0
2683,0.0,0.0
2684,0.0,0.0
2685,0.0,0.0
2686,0.0,0.0
2687,0.0,0.0
2688,0.0,0.0
2689,0.0,0.0
2690,0.0,0.0
2691,0.0,0.0
2692,0.0,0.0
2693,0.0,0.0
2694,0.0,0.0
2695,0.0,0.0
2696,0.0,0.0
2697,0.0,0.0
2698,0.0,0.0
2699,0.0,0.0
2700,0.0,0.0
2701,0.0,0.0
2702,0.0,0.0
2703,0.0,0.0
2704,0.0,0.0
2705,0.0,0.0
2706,0.0,0.0
2707,0.0,0.0
2708,0.0,0.0
2709,0.0,0.0
2710,0.0,0.0
2711,0.0,0.0
2712,0.0,0.0
2713,0.0,0.0
2714,0.0,0.0
2715,0.0,0.0
2716,0.0,0.0
2717,0.0,0.0
2718,0.0,0.0
2719,0.0,0.0
2720,0.0,0.0
2721,0.0,0.0
2722,0.0,0.0
2723,0.0,0.0
2724,0.0,0.0
2725,0.0,0.0
2726,0.0,0.0
2727,0.0,0.0
2728,0.0,0.0
2729,0.0,0.0
2730,0.0,0.0
2731,0.0,0.0
2732,0.0,0.0
2733,0.0,0.0
2734,0.0,0.0
2735,0.0,0.0
2736,0.0,0.0
2737,0.0,0.0
2738,0.0,0.0
2739,0.0,0.0
2740,0.0,0.0
2741,0.0,0.0
2742,0.0,0.0
2743,0.0,0.0
2744,0.0,0.0
2745,0.0,0.0
2746,0.0,0.0
2747,0.0,0.0
2748,0.0,0.0
2749,0.0,0.0
2750,0.0,0.0
2751,0.0,0.0
2752,0.0,0.0
2753,0.0,0.0
2754,0.0,0.0
2755,0.0,0.0
2756,0.0,0.0
2757,0.0,0.0
2758,0.0,0.0
2759,0.0,0.0
2760,0.0,0.0
2761,0.0,0.0
2762,0.0,0.0
2763,0.0,0.0
2764,0.0,0.0
2765,0.0,0.0
2766,0.0,0.0
2767,0.0,0.0
2768,0.0,0.0
2769,0.0,0.0
2770,0.0,0.0
2771,0.0,0.0
2772,0.0,0.0
2773,0.0,0.0
2774,0.0,0.0
2775,0.0,0.0
2776,0.0,0.0
2777,0.0,0.0
2778,0.0,0.0
2779,0.0,0.0
2780,0.0,0.0
2781,0.0,0.0
2782,0.0,0.0
2783,0.0,0.0
2784,0.0,0.0
2785,0.0,0.0
2786,0.0,0.0
2787,0.0,0.0
2788,0.0,0.0
2789,0.0,0.0
2790,0.0,0.0
2791,0.0,0.0
2792,0.0,0.0
2793,0.0,0.0
2794,0.0,0.0
2795,0.0,0.0
2796,0.0,0.0
2797,0.0,0.0
2798,0.0,0.0
2799,0.0,0.0
2800,0.0,0.0
2801,0.0,0.0
2802,0.0,0.0
2803,0.0,0.0
2804,0.0,0.0
2805,0.0,0.0
2806,0.0,0.0
2807,0.0,0.0
2808,0.0,0.0
2809,0.0,0.0
2810,0.0,0.0
2811,0.0,0.0
2812,0.0,0.0
2813,0.0,0.0
2814,0.0,0.0
2815,0.0,0.0
2816,0.0,0.0
2817,0.0,0.0
2818,0.0,0.0
2819,0.0,0.0
2820,0.0,0.0
2821,0.0,0.0
2822,0.0,0.0
2823,0.0,0.0
2824,0.0,0.0
2825,0.0,0.0
2826,0.0,0.0
2827,0.0,0.0
2828,0.0,0.0
2829,0.0,0.0
2830,0.0,0.0
2831,0.0,0.0
2832,0.0,0.0
2833,0.0,0.0
2834,0.0,0.0
2835,0.0,0.0
2836,0.0,0.0
2837,0.0,0.0
2838,0.0,0.0
2839,0.0,0.0
2840,0.0,0.0
2841,0.0,0.0
2842,0.0,0.0
2843,0.0,0.0
2844,0.0,0.0
2845,0.0,0.0
2846,0.0,0.0
2847,0.0,0.0
2848,0.0,0.0
2849,0.0,0.0
2850,0.0,0.0
2851,0.0,0.0
2852,0.0,0.0
2853,0.0,0.0
2854,0.0,0.0
2855,0.0,0.0
2856,0.0,0.0
2857,0.0,0.0
2858,0.0,0.0
2859,0.0,0.0
2860,0.0,0.0
2861,0.0,0.0
2862,0.0,0.0
2863,0.0,0.0
2864,0.0,0.0
2865,0.0,0.0
2866,0.0,0.0
2867,0.0,0.0
2868,0.0,0.0
2869,0.0,0.0
2870,0.0,0.0
2871,0.0,0.0
2872,0.0,0.0
2873,0.0,0.0
2874,0.0,0.0
2875,0.0,0.0
2876,0.0,0.0
2877,0.0,0.0
2878,0.0,0.0
2879,0.0,0.0
2880,0.0,0.0
2881,0.0,0.0
2882,0.0,0.0
2883,0.0,0.0
2884,0.0,0.0
2885,0.0,0.0
2886,0.0,0.0
2887,0.0,0.0
2888,0.0,0.0
2889,0.0,0.0
2890,0.0,0.0
2891,0.0,0.0
2892,0.0,0.0
2893,0.0,0.0
2894,0.0,0.0
2895,0.0,0.0
2896,0.0,0.0
2897,0.0,0.0
2898,0.0,0.0
2899,0.0,0.0
2900,0.0,0.0
2901,0.0,0.0
2902,0.0,0.0
2903,0.0,0.0
2904,0.0,0.0
2905,0.0,0.0
2906,0.0,0.0
2907,0.0,0.0
2908,0.0,0.0
2909,0.0,0.0
2910,0.0,0.0
2911,0.0,0.0
2912,0.0,0.0
2913,0.0,0.0
2914,0.0,0.0
2915,0.0,0.0
2916,0.0,0.0
2917,0.0,0.0
2918,0.0,0.0
2919,0.0,0.0
2920,0.0,0.0
2921,0.0,0.0
2922,0.0,0.0
2923,0.0,0.0
2924,0.0,0.0
2925,0.0,0.0
2926,0.0,0.0
2927,0.0,0.0
2928,0.0,0.0
2929,0.0,0.0
2930,0.0,0.0
2931,0.0,0.0
2932,0.0,0.0
2933,0.0,0.0
2934,0.0,0.0
2935,0.0,0.0
2936,0.0,0.0
2937,0.0,0.0
2938,0.0,0.0
2939,0.0,0.0
2940,0.0,0.0
2941,0.0,0.0
2942,0.0,0.0
2943,0.0,0.0
2944,0.0,0.0
2945,0.0,0.0
2946,0.0,0.0
2947,0.0,0.0
2948,0.0,0.0
2949,0.0,0.0
2950,0.0,0.0
2951,0.0,0.0
2952,0.0,0.0
2953,0.0,0.0
2954,0.0,0.0
2955,0.0,0.0
2956,0.0,0.0
2957,0.0,0.0
2958,0.0,0.0
2959,0.0,0.0
2960,0.0,0.0
2961,0.0,0.0
2962,0.0,0.0
2963,0.0,0.0
2964,0.0,0.0
2965,0.0,0.0
2966,0.0,0.0
2967,0.0,0.0
2968,0.0,0.0
2969,0.0,0.0
2970,0.0,0.0
2971,0.0,0.0
2972,0.0,0.0
2973,0.0,0.0
2974,0.0,0.01
2975,0.0,0.02
2976,0.0,0.03
2977,0.0,0.04
2978,0.0,0.05
2979,0.0,0.06
2980,0.0,0.07
2981,0.0,0.08
2982,0.0,0.09
2983,0.0,0.1
2984,0.0,0.11
2985,0.0,0.12
2986,0.0,0.13
2987,0.0,0.14
2988,0.0,0.15
2989,0.0,0.16
2990,0.0,0.17
2991,0.0,0.18
2992,0.0,0.19
2993,0.0,0.2
2994,0.0,0.21
2995,0.0,0.22
2996,0.0,0.23
2997,0.0,0.24
2998,0.0,0.25
2999,0.0,0.26
3000,0.0,0.27
3001,0.0,0.28
3002,0.0,0.29
3003,0.0,0.3
3004,0.0,0.31
3005,0.0,0.32
3006,0.0,0.33
3007,0.0,0.34
3008,0.0,0.35
3009,0.0,0.36
3010,0.0,0.37
3011,0.0,0.38
3012,0.0,0.39
3013,0.0,0.4
3014,0.0,0.41
3015,0.0,0.42
3016,0.0,0.43
3017,0.0,0.44
3018,0.0,0.45
3019,0.0,0.46
3020,0.0,0.47
3021,0.0,0.48
3022,0.0,0.49
3023,0.0,0.5
3024,0.0,0.51
3025,0.0,0.52
3026,0.0,0.53
3027,0.0,0.54
3028,0.0,0.55
3029,0.0,0.56
3030,0.0,0.57
3031,0.0,0.58
3032,0.0,0.59
3033,0.0,0.6
3034,0.0,0.61
3035,0.0,0.62
3036,0.0,0.63
3037,0.0,0.64
3038,0.0,0.65
3039,0.0,0.66
3040,0.0,0.67
3041,0.0,0.68
3042,0.0,0.69
3043,0.0,0.7
3044,0.0,0.71
3045,0.0,0.72
3046,0.0,0.73
3047,0.0,0.74
3048,0.0,0.75
3049,0.0,0.76
3050,0.0,0.77
3051,0.0,0.78
3052,0.0,0.79
3053,0.0,0.8
3054,0.0,0.81
3055,0.0,0.82
3056,0.0,0.83
3057,0.0,0.84
3058,0.0,0.85
3059,0.0,0.86
3060,0.0,0.87
3061,0.0,0.88
3062,0.0,0.89
3063,0.0,0.9
3064,0.0,0.91
3065,0.0,0.92
3066,0.0,0.93
3067,0.0,0.94
3068,0.0,0.95
3069,0.0,0.96
3070,0.0,0.97
3071,0.0,0.98
3072,0.0,0.99
3073,0.0,1.0
3074,0.0,0.9795918367346939
3075,0.0,0.9591836734693877
3076,0.0,0.9387755102040817
3077,0.0,0.9183673469387755
3078,0.0,0.8979591836734694
3079,0.0,0.8775510204081632
3080,0.0,0.8571428571428572
3081,0.0,0.8367346938775511
3082,0.0,0.8163265306122449
3083,0.0,0.7959183673469388
3084,0.0,0.7755102040816326
3085,0.0,0.7551020408163265
3086,0.0,0.7346938775510203
3087,0.0,0.0
3088,0.0,0.018867924528301886
3089,0.0,0.03773584905660377
3090,0.0,0.05660377358490566
3091,0.0,0.07547169811320754
3092,0.0,0.09433962264150944
3093,0.0,0.11320754716981132
3094,0.0,0.1320754716981132
3095,0.0,0.1509433962264151
3096,0.0,0.16981132075471697
3097,0.0,0.18867924528301888
3098,0.0,0.20754716981132076
3099,0.0,0.22641509433962265
3100,0.0,0.24528301886792453
3101,0.0,0.2641509433962264
3102,0.0,0.2830188679245283
3103,0.0,0.3018867924528302
3104,0.0,0.32075471698113206
3105,0.0,0.33962264150943394
3106,0.0,0.3584905660377358
3107,0.0,0.37735849056603776
3108,0.0,0.39622641509433965
3109,0.0,0.41509433962264153
3110,0.0,0.4339622641509434
3111,0.0,0.4528301886792453
3112,0.0,0.4716981132075472
3113,0.0,0.49056603773584906
3114,0.0,0.5094339622641509
3115,0.0,0.5283018867924528
3116,0.0,0.5471698113207547
3117,0.0,0.5660377358490566
3118,0.0,0.5849056603773585
3119,0.0,0.6037735849056604
3120,0.0,0.6226415094339622
3121,0.0,0.6415094339622641
3122,0.0,0.660377358490566
3123,0.0,0.6792452830188679
3124,0.0,0.6981132075471698
3125,0.0,0.7169811320754716
3126,0.0,0.7358490566037735
3127,0.0,0.7547169811320755
3128,0.0,0.7735849056603774
3129,0.0,0.7924528301886793
3130,0.0,0.8113207547169812
3131,0.0,0.8301886792452831
3132,0.0,0.8490566037735849
3133,0.0,0.8679245283018868
3134,0.0,0.8867924528301887
3135,0.0,0.9056603773584906
3136,0.0,0.9245283018867925
3137,0.0,0.9433962264150944
3138,0.0,0.9622641509433962
3139,0.0,0.9811320754716981
3140,0.0,1.0
3141,0.0,0.99
3142,0.0,0.98
3143,0.0,0.97
3144,0.0,0.96
3145,0.0,0.95
3146,0.0,0.94
3147,0.0,0.9299999999999999
3148,0.0,0.92
3149,0.0,0.91
3150,0.0,0.9
3151,0.0,0.89
3152,0.0,0.88
3153,0.0,0.87
3154,0.0,0.86
3155,0.0,0.85
3156,0.01,0.84
3157,0.02,0.83
3158,0.03,0.8200000000000001
3159,0.04,0.81
3160,0.05,0.8
3161,0.06,0.79
3162,0.07,0.78
3163,0.08,0.77
3164,0.09,0.76
3165,0.1,0.75
3166,0.11,0.74
3167,0.12,0.73
3168,0.13,0.72
3169,0.14,0.71
3170,0.15,0.7
3171,0.16,0.69
3172,0.17,0.6799999999999999
3173,0.18,0.6699999999999999
3174,0.19,0.6599999999999999
3175,0.2,0.65
3176,0.21,0.64
3177,0.22,0.63
3178,0.23,0.62
3179,0.24,0.61
3180,0.25,0.6
3181,0.26,0.5900000000000001
3182,0.27,0.5800000000000001
3183,0.28,0.5700000000000001
3184,0.29,0.56
3185,0.3,0.55
3186,0.31,0.54
3187,0.32,0.53
3188,0.33,0.52
3189,0.34,0.51
3190,0.35,0.5
3191,0.36,0.49
3192,0.37,0.48
3193,0.38,0.47
3194,0.39,0.45999999999999996
3195,0.4,0.44999999999999996
3196,0.41,0.43999999999999995
3197,0.42,0.43000000000000005
3198,0.43,0.42000000000000004
3199,0.44,0.41000000000000003
3200,0.45,0.4
3201,0.46,0.39
3202,0.47,0.38
3203,0.48,0.37
3204,0.49,0.36
3205,0.5,0.35
3206,0.51,0.33999999999999997
3207,0.52,0.32999999999999996
3208,0.53,0.31999999999999995
3209,0.54,0.31000000000000005
3210,0.55,0.30000000000000004
3211,0.56,0.29000000000000004
3212,0.57,0.28
3213,0.58,0.27
3214,0.59,0.26
3215,0.6,0.25
3216,0.61,0.24
3217,0.62,0.22999999999999998
3218,0.63,0.21999999999999997
3219,0.64,0.20999999999999996
3220,0.65,0.19999999999999996
3221,0.66,0.18999999999999995
3222,0.67,0.18000000000000005
3223,0.68,0.17000000000000004
3224,0.69,0.16000000000000003
3225,0.7,0.15000000000000002
3226,0.71,0.14
3227,0.72,0.13
3228,0.73,0.12
3229,0.74,0.10999999999999999
3230,0.75,0.09999999999999998
3231,0.76,0.08999999999999997
3232,0.77,0.07999999999999996
3233,0.78,0.06999999999999995
3234,0.79,0.06000000000000005
3235,0.8,0.050000000000000044
3236,0.81,0.040000000000000036
3237,0.82,0.030000000000000027
3238,0.83,0.020000000000000018
3239,0.84,0.010000000000000009
3240,0.85,0.0
3241,0.86,0.0
3242,0.87,0.0
3243,0.88,0.0
3244,0.89,0.0
3245,0.9,0.0
3246,0.91,0.0
3247,0.92,0.0
3248,0.93,0.0
3249,0.94,0.0
3250,0.95,0.0
3251,0.96,0.0
3252,0.97,0.0
3253,0.98,0.0
3254,0.99,0.0
3255,1.0,0.0
3256,0.99,0.0
3257,0.98,0.0
3258,0.97,0.0
3259,0.96,0.0
3260,0.95,0.0
3261,0.94,0.0
3262,0.9299999999999999,0.0
3263,0.92,0.0
3264,0.91,0.0
3265,0.9,0.0
3266,0.89,0.0
3267,0.88,0.0
3268,0.87,0.0
3269,0.86,0.0
3270,0.85,0.0
3271,0.84,0.0
3272,0.83,0.0
3273,0.8200000000000001,0.0
3274,0.81,0.0
3275,0.8,0.0
3276,0.79,0.0
3277,0.78,0.0
3278,0.77,0.0
3279,0.76,0.0
3280,0.75,0.0
3281,0.74,0.0
3282,0.73,0.0
3283,0.72,0.0
3284,0.71,0.0
3285,0.7,0.0
3286,0.69,0.0
3287,0.6799999999999999,0.0
3288,0.6699999999999999,0.0
3289,0.6599999999999999,0.0
3290,0.65,0.0
3291,0.64,0.0
3292,0.63,0.0
3293,0.62,0.0
3294,0.61,0.0
3295,0.6,0.0
3296,0.5900000000000001,0.0
3297,0.5800000000000001,0.0
3298,0.5700000000000001,0.0
3299,0.56,0.0
3300,0.55,0.0
3301,0.54,0.0
3302,0.53,0.0
3303,0.52,0.0
3304,0.51,0.0
3305,0.5,0.0
3306,0.49,0.0
3307,0.48,0.0
3308,0.47,0.0
3309,0.45999999999999996,0.0
3310,0.44999999999999996,0.0
3311,0.43999999999999995,0.0
3312,0.43000000000000005,0.0
3313,0.42000000000000004,0.0
3314,0.41000000000000003,0.0
3315,0.4,0.0
3316,0.39,0.0
3317,0.38,0.0
3318,0.37,0.0
3319,0.36,0.0
3320,0.35,0.0
3321,0.33999999999999997,0.0
3322,0.32999999999999996,0.0
3323,0.31999999999999995,0.0
3324,0.31000000000000005,0.0
3325,0.30000000000000004,0.0
3326,0.29000000000000004,0.0
3327,0.28,0.0
3328,0.27,0.0
3329,0.26,0.0
3330,0.25,0.0
3331,0.24,0.0
3332,0.22999999999999998,0.0
3333,0.21999999999999997,0.0
3334,0.20999999999999996,0.0
3335,0.19999999999999996,0.0
3336,0.18999999999999995,0.0
3337,0.18000000000000005,0.0
3338,0.17000000000000004,0.0
3339,0.16000000000000003,0.0
3340,0.15000000000000002,0.0
3341,0.14,0.0
3342,0.13,0.0
3343,0.12,0.0
3344,0.10999999999999999,0.0
3345,0.09999999999999998,0.0
3346,0.08999999999999997,0.0
3347,0.07999999999999996,0.0
3348,0.06999999999999995,0.0
3349,0.06000000000000005,0.0
3350,0.050000000000000044,0.0
3351,0.040000000000000036,0.0
3352,0.030000000000000027,0.0
3353,0.020000000000000018,0.0
3354,0.010000000000000009,0.0
3355,0.0,0.0
3356,0.0,0.0
3357,0.0,0.0
3358,0.0,0.0
3359,0.0,0.0
3360,0.0,0.0
3361,0.0,0.0
3362,0.0,0.0
3363,0.0,0.0
3364,0.0,0.0
3365,0.0,0.0
3366,0.0,0.0
3367,0.0,0.0
3368,0.0,0.0
3369,0.0,0.0
3370,0.0,0.0
3371,0.0,0.0
3372,0.0,0.0
3373,0.0,0.0
3374,0.0,0.0
3375,0.0,0.0
3376,0.0,0.0
3377,0.0,0.0
3378,0.0,0.0
3379,0.0,0.0
3380,0.0,0.0
3381,0.0,0.0
3382,0.0,0.0
3383,0.0,0.0
3384,0.0,0.0
3385,0.0,0.0
3386,0.0,0.0
3387,0.0,0.0
3388,0.0,0.0
3389,0.0,0.0
3390,0.0,0.0
3391,0.0,0.0
3392,0.0,0.0
3393,0.0,0.0
3394,0.0,0.0
3395,0.0,0.0
3396,0.0,0.0
3397,0.0,0.0
3398,0.0,0.0
3399,0.0,0.0
3400,0.0,0.0
3401,0.0,0.0
3402,0.0,0.0
3403,0.0,0.0
3404,0.0,0.0
3405,0.0,0.0
3406,0.0,0.0
3407,0.0,0.0
3408,0.0,0.0
3409,0.0,0.0
3410,0.0,0.0
3411,0.0,0.0
3412,0.0,0.0
3413,0.0,0.0
3414,0.0,0.0
3415,0.0,0.0
3416,0.0,0.0
3417,0.0,0.0
3418,0.0,0.0
3419,0.0,0.0
3420,0.0,0.0
3421,0.0,0.0
3422,0.0,0.0
3423,0.0,0.0
3424,0.0,0.0
3425,0.0,0.0
3426,0.0,0.0
3427,0.0,0.0
3428,0.0,0.0
3429,0.0,0.0
3430,0.0,0.0
3431,0.0,0.0
3432,0.0,0.0
3433,0.0,0.0
3434,0.0,0.0
3435,0.0,0.0
3436,0.0,0.0
3437,0.0,0.0
3438,0.0,0.0
3439,0.0,0.0
3440,0.0,0.0
3441,0.0,0.0
3442,0.0,0.0
3443,0.0,0.0
3444,0.0,0.0
3445,0.0,0.0
3446,0.0,0.0
3447,0.0,0.0
3448,0.0,0.0
3449,0.0,0.0
3450,0.0,0.0
3451,0.0,0.0
3452,0.0,0.0
3453,0.0,0.0
3454,0.0,0.0
3455,0.0,0.0
3456,0.0,0.0
3457,0.0,0.0
3458,0.0,0.0
3459,0.0,0.0
3460,0.0,0.0
3461,0.0,0.0
3462,0.0,0.0
3463,0.0,0.0
3464,0.0,0.0
3465,0.0,0.0
3466,0.0,0.0
3467,0.0,0.0
3468,0.0,0.0
3469,0.0,0.0
3470,0.0,0.0
3471,0.0,0.0
3472,0.0,0.0
3473,0.0,0.0
3474,0.0,0.0
3475,0.0,0.0
3476,0.0,0.0
3477,0.0,0.0
3478,0.0,0.0
3479,0.0,0.0
3480,0.0,0.0
3481,0.0,0.0
3482,0.0,0.0
3483,0.0,0.0
3484,0.0,0.0
3485,0.0,0.0
3486,0.0,0.0
3487,0.0,0.0
3488,0.0,0.0
3489,0.0,0.0
3490,0.0,0.0
3491,0.0,0.0
3492,0.0,0.0
3493,0.0,0.0
3494,0.0,0.0
3495,0.0,0.0
3496,0.0,0.0
3497,0.0,0.0
3498,0.0,0.0
3499,0.0,0.0
3500,0.0,0.0
3501,0.0,0.0
3502,0.0,0.0
3503,0.0,0.0
3504,0.0,0.0
3505,0.0,0.0
3506,0.0,0.0
3507,0.0,0.0
3508,0.0,0.0
3509,0.0,0.0
3510,0.0,0.0
3511,0.0,0.0
3512,0.0,0.0
3513,0.0,0.0
3514,0.0,0.0
3515,0.0,0.0
3516,0.0,0.0
3517,0.0,0.0
3518,0.0,0.0
3519,0.0,0.0
3520,0.0,0.0
3521,0.0,0.0
3522,0.0,0.0
3523,0.0,0.0
3524,0.0,0.0
3525,0.0,0.0
3526,0.0,0.0
3527,0.0,0.0
3528,0.0,0.0
3529,0.0,0.0
3530,0.0,0.0
3531,0.0,0.0
3532,0.0,0.0
3533,0.0,0.0
3534,0.0,0.0
3535,0.0,0.0
3536,0.0,0.0
3537,0.0,0.0
3538,0.0,0.0
3539,0.0,0.0
3540,0.0,0.0
3541,0.0,0.0
3542,0.0,0.0
3543,0.0,0.0
3544,0.0,0.0
3545,0.0,0.0
3546,0.0,0.0
3547,0.0,0.0
3548,0.0,0.0
3549,0.0,0.0
3550,0.0,0.0
3551,0.0,0.0
3552,0.0,0.0
3553,0.0,0.0
3554,0.0,0.0
3555,0.0,0.0
3556,0.0,0.0
3557,0.0,0.0
3558,0.0,0.0
3559,0.0,0.0
3560,0.0,0.0
3561,0.0,0.0
3562,0.0,0.0
3563,0.0,0.0
3564,0.0,0.0
3565,0.0,0.0
3566,0.0,0.0
3567,0.0,0.0
3568,0.0,0.0
3569,0.0,0.0
3570,0.0,0.0
3571,0.0,0.0
3572,0.0,0.0
3573,0.0,0.0
3574,0.0,0.0
3575,0.0,0.0
3576,0.0,0.0
3577,0.0,0.0
3578,0.0,0.0
3579,0.0,0.0
3580,0.0,0.0
3581,0.0,0.0
3582,0.0,0.0
3583,0.0,0.0
3584,0.0,0.0
3585,0.0,0.0
3586,0.0,0.0
3587,0.0,0.0
3588,0.0,0.0
3589,0.0,0.0
3590,0.0,0.0
3591,0.0,0.0
3592,0.0,0.0
3593,0.0,0.0
3594,0.0,0.0
3595,0.0,0.0
3596,0.0,0.0
3597,0.0,0.0
3598,0.0,0.0
3599,0.0,0.0
3600,0.0,0.0
3601,0.0,0.0
3602,0.0,0.0
3603,0.0,0.0
3604,0.0,0.0
3605,0.0,0.0
3606,0.0,0.0
3607,0.0,0.0
3608,0.0,0.0
3609,0.0,0.0
3610,0.0,0.0
3611,0.0,0.0
3612,0.0,0.0
3613,0.0,0.0
3614,0.0,0.0
3615,0.0,0.0
3616,0.0,0.0
3617,0.0,0.0
3618,0.0,0.0
3619,0.0,0.0
3620,0.0,0.0
3621,0.0,0.0
3622,0.0,0.0
3623,0.0,0.0
3624,0.0,0.0
3625,0.0,0.0
3626,0.0,0.0
3627,0.0,0.0
3628,0.0,0.0
3629,0.0,0.0
3630,0.0,0.0
3631,0.0,0.0
3632,0.0,0.0
3633,0.0,0.0
3634,0.0,0.0
3635,0.0,0.0
3636,0.0,0.0
3637,0.0,0.0
3638,0.0,0.0
3639,0.0,0.0
3640,0.0,0.0
3641,0.0,0.0
3642,0.0,0.0
3643,0.0,0.0
3644,0.0,0.0
3645,0.0,0.0
3646,0.0,0.0
3647,0.0,0.0
3648,0.0,0.0
3649,0.0,0.0
3650,0.0,0.0
3651,0.0,0.0
3652,0.0,0.0
3653,0.0,0.0
3654,0.0,0.0
3655,0.0,0.0
3656,0.0,0.0
3657,0.0,0.0
3658,0.0,0.0
3659,0.0,0.0
3660,0.0,0.0
3661,0.0,0.0
3662,0.0,0.0
3663,0.0,0.0
3664,0.0,0.0
3665,0.0,0.0
3666,0.0,0.0
3667,0.0,0.0
3668,0.0,0.01
3669,0.0,0.02
3670,0.0,0.03
3671,0.0,0.04
3672,0.0,0.05
3673,0.0,0.06
3674,0.0,0.07
3675,0.0,0.08
3676,0.0,0.09
3677,0.0,0.1
3678,0.0,0.11
3679,0.0,0.12
3680,0.0,0.13
3681,0.0,0.14
3682,0.0,0.15
3683,0.0,0.16
3684,0.0,0.17
3685,0.0,0.18
3686,0.0,0.19
3687,0.0,0.2
3688,0.0,0.21
3689,0.0,0.22
3690,0.0,0.23
3691,0.0,0.24
3692,0.0,0.25
3693,0.0,0.26
3694,0.0,0.27
3695,0.0,0.28
3696,0.0,0.29
3697,0.0,0.3
3698,0.0,0.31
3699,0.0,0.32
3700,0.0,0.33
3701,0.0,0.34
3702,0.0,0.35
3703,0.0,0.36
3704,0.0,0.37
3705,0.0,0.38
3706,0.0,0.39
3707,0.0,0.4
3708,0.0,0.41
3709,0.0,0.42
3710,0.0,0.43
3711,0.0,0.44
3712,0.0,0.45
3713,0.0,0.46
3714,0.0,0.47
3715,0.0,0.48
3716,0.0,0.49
3717,0.0,0.5
3718,0.0,0.51
3719,0.0,0.52
3720,0.0,0.53
3721,0.0,0.54
3722,0.0,0.55
3723,0.0,0.56
3724,0.0,0.57
3725,0.0,0.58
3726,0.0,0.59
3727,0.0,0.6
3728,0.0,0.61
3729,0.0,0.62
3730,0.0,0.63
3731,0.0,0.64
3732,0.0,0.65
3733,0.0,0.66
3734,0.0,0.67
3735,0.0,0.68
3736,0.0,0.69
3737,0.0,0.7
3738,0.0,0.71
3739,0.0,0.72
3740,0.0,0.73
3741,0.0,0.74
3742,0.0,0.75
3743,0.0,0.76
3744,0.0,0.77
3745,0.0,0.78
3746,0.0,0.79
3747,0.0,0.8
3748,0.0,0.81
3749,0.0,0.82
3750,0.0,0.83
3751,0.0,0.84
3752,0.0,0.85
3753,0.0,0.86
3754,0.0,0.87
3755,0.0,0.88
3756,0.0,0.89
3757,0.0,0.9
3758,0.0,0.91
3759,0.0,0.92
3760,0.0,0.93
3761,0.0,0.94
3762,0.0,0.95
3763,0.01,0.96
3764,0.02,0.97
3765,0.03,0.98
3766,0.04,0.99
3767,0.05,1.0
3768,0.06,0.9852941176470589
3769,0.07,0.9705882352941176
3770,0.08,0.9558823529411765
3771,0.09,0.9411764705882353
3772,0.1,0.9264705882352942
3773,0.11,0.9117647058823529
3774,0.12,0.8970588235294118
3775,0.13,0.8823529411764706
3776,0.14,0.8676470588235294
3777,0.15,0.8529411764705882
3778,0.16,0.8382352941176471
3779,0.17,0.8235294117647058
3780,0.18,0.8088235294117647
3781,0.19,0.7941176470588236
3782,0.2,0.7794117647058824
3783,0.21,0.7647058823529411
3784,0.22,0.75
3785,0.23,0.7352941176470589
3786,0.24,0.7205882352941176
3787,0.25,0.7058823529411764
3788,0.26,0.6911764705882353
3789,0.27,0.6764705882352942
3790,0.28,0.6617647058823529
3791,0.29,0.6470588235294117
3792,0.3,0.6323529411764706
3793,0.31,0.6176470588235294
3794,0.32,0.6029411764705883
3795,0.33,0.5882352941176471
3796,0.34,0.5735294117647058
3797,0.35,0.5588235294117647
3798,0.36,0.5441176470588236
3799,0.37,0.5294117647058824
3800,0.38,0.5147058823529411
3801,0.39,0.5
3802,0.4,0.4852941176470589
3803,0.41,0.47058823529411764
3804,0.42,0.4558823529411765
3805,0.43,0.4411764705882353
3806,0.44,0.42647058823529416
3807,0.45,0.4117647058823529
3808,0.46,0.3970588235294118
3809,0.47,0.38235294117647056
3810,0.48,0.36764705882352944
3811,0.49,0.3529411764705882
3812,0.5,0.3382352941176471
3813,0.51,0.32352941176470584
3814,0.52,0.3088235294117647
3815,0.53,0.2941176470588235
3816,0.54,0.27941176470588236
3817,0.55,0.2647058823529411
3818,0.56,0.25
3819,0.57,0.23529411764705888
3820,0.58,0.22058823529411764
3821,0.59,0.20588235294117652
3822,0.6,0.19117647058823528
3823,0.61,0.17647058823529416
3824,0.62,0.16176470588235292
3825,0.63,0.1470588235294118
3826,0.64,0.13235294117647056
3827,0.65,0.11764705882352944
3828,0.66,0.1029411764705882
3829,0.67,0.08823529411764708
3830,0.68,0.07352941176470584
3831,0.69,0.05882352941176472
3832,0.7,0.044117647058823484
3833,0.71,0.02941176470588236
3834,0.72,0.014705882352941124
3835,0.73,0.0
3836,0.74,0.0
3837,0.75,0.0
3838,0.76,0.0
3839,0.77,0.0
3840,0.78,0.0
3841,0.79,0.0
3842,0.8,0.0
3843,0.81,0.0
3844,0.82,0.0
3845,0.83,0.0
3846,0.84,0.0
3847,0.85,0.0
3848,0.86,0.0
3849,0.87,0.0
3850,0.88,0.0
3851,0.89,0.0
3852,0.9,0.0
3853,0.91,0.0
3854,0.92,0.0
3855,0.93,0.0
3856,0.94,0.0
3857,0.95,0.0
3858,0.96,0.0
3859,0.97,0.0
3860,0.98,0.0
3861,0.99,0.0
3862,1.0,0.0
3863,0.99,0.0
3864,0.98,0.0
3865,0.97,0.0
3866,0.96,0.0
3867,0.95,0.0
3868,0.94,0.0
3869,0.9299999999999999,0.0
3870,0.92,0.0
3871,0.91,0.0
3872,0.9,0.0
3873,0.89,0.0
3874,0.88,0.0
3875,0.87,0.0
3876,0.86,0.0
3877,0.85,0.0
3878,0.84,0.0
3879,0.83,0.0
3880,0.8200000000000001,0.0
3881,0.81,0.0
3882,0.8,0.0
3883,0.79,0.0
3884,0.78,0.0
3885,0.77,0.0
3886,0.76,0.0
3887,0.75,0.0
3888,0.74,0.0
3889,0.73,0.0
3890,0.72,0.0
3891,0.71,0.0
3892,0.7,0.0
3893,0.69,0.0
3894,0.6799999999999999,0.0
3895,0.6699999999999999,0.0
3896,0.6599999999999999,0.0
3897,0.65,0.0
3898,0.64,0.0
3899,0.63,0.0
3900,0.62,0.0
3901,0.61,0.0
3902,0.6,0.0
3903,0.5900000000000001,0.0
3904,0.5800000000000001,0.0
3905,0.5700000000000001,0.0
3906,0.56,0.0
3907,0.55,0.0
3908,0.54,0.0
3909,0.53,0.0
3910,0.52,0.0
3911,0.51,0.0
3912,0.5,0.0
3913,0.49,0.0
3914,0.48,0.0
3915,0.47,0.0
3916,0.45999999999999996,0.0
3917,0.44999999999999996,0.0
3918,0.43999999999999995,0.0
3919,0.43000000000000005,0.0
3920,0.42000000000000004,0.0
3921,0.41000000000000003,0.0
3922,0.4,0.0
3923,0.39,0.0
3924,0.38,0.0
3925,0.37,0.0
3926,0.36,0.0
3927,0.35,0.0
3928,0.33999999999999997,0.0
3929,0.32999999999999996,0.0
3930,0.31999999999999995,0.0
3931,0.31000000000000005,0.0
3932,0.30000000000000004,0.0
3933,0.29000000000000004,0.0
3934,0.28,0.0
3935,0.27,0.0
3936,0.26,0.0
3937,0.25,0.0
3938,0.24,0.0
3939,0.22999999999999998,0.0
3940,0.21999999999999997,0.0
3941,0.20999999999999996,0.0
3942,0.19999999999999996,0.0
3943,0.18999999999999995,0.0
3944,0.18000000000000005,0.0
3945,0.17000000000000004,0.0
3946,0.16000000000000003,0.0
3947,0.15000000000000002,0.0
3948,0.14,0.0
3949,0.13,0.0
3950,0.12,0.0
3951,0.10999999999999999,0.0
3952,0.09999999999999998,0.0
3953,0.08999999999999997,0.0
3954,0.07999999999999996,0.0
3955,0.06999999999999995,0.0
3956,0.06000000000000005,0.0
3957,0.050000000000000044,0.0
3958,0.040000000000000036,0.0
3959,0.030000000000000027,0.0
3960,0.020000000000000018,0.0
3961,0.010000000000000009,0.0
3962,0.0,0.0
3963,0.0,0.0
3964,0.0,0.0
3965,0.0,0.0
3966,0.0,0.0
3967,0.0,0.0
3968,0.0,0.0
3969,0.0,0.0
3970,0.0,0.0
3971,0.0,0.0
3972,0.0,0.0
3973,0.0,0.0
3974,0.0,0.0
3975,0.0,0.0
3976,0.0,0.0
3977,0.0,0.0
3978,0.0,0.0
3979,0.0,0.0
3980,0.0,0.0
3981,0.0,0.0
3982,0.0,0.0
3983,0.0,0.0
3984,0.0,0.0
3985,0.0,0.0
3986,0.0,0.0
3987,0.0,0.0
3988,0.0,0.0
3989,0.0,0.0
3990,0.0,0.0
3991,0.0,0.0
3992,0.0,0.0
3993,0.0,0.0
3994,0.0,0.0
3995,0.0,0.0
3996,0.0,0.0
3997,0.0,0.0
3998,0.0,0.0
3999,0.0,0.0
4000,0.0,0.0
4001,0.0,0.0
4002,0.0,0.0
4003,0.0,0.0
4004,0.0,0.0
4005,0.0,0.0
4006,0.0,0.0
4007,0.0,0.0
4008,0.0,0.0
4009,0.0,0.0
4010,0.0,0.0
4011,0.0,0.0
4012,0.0,0.0
4013,0.0,0.0
4014,0.0,0.0
4015,0.0,0.0
4016,0.0,0.0
4017,0.0,0.0
4018,0.0,0.0
4019,0.0,0.0
4020,0.0,0.0
4021,0.0,0.0
4022,0.0,0.0
4023,0.0,0.0
4024,0.0,0.0
4025,0.0,0.0
4026,0.0,0.0
4027,0.0,0.0
4028,0.0,0.0
4029,0.0,0.0
4030,0.0,0.0
4031,0.0,0.0
4032,0.0,0.0
4033,0.0,0.0
4034,0.0,0.0
4035,0.0,0.0
4036,0.0,0.0
4037,0.0,0.0
4038,0.0,0.0
4039,0.0,0.0
4040,0.0,0.0
4041,0.0,0.0
4042,0.0,0.0
4043,0.0,0.0
4044,0.0,0.0
4045,0.0,0.0
4046,0.0,0.0
4047,0.0,0.0
4048,0.0,0.0
4049,0.0,0.0
4050,0.0,0.0
4051,0.0,0.0
4052,0.0,0.0
4053,0.0,0.0
4054,0.0,0.0
4055,0.0,0.0
4056,0.0,0.0
4057,0.0,0.0
4058,0.0,0.0
4059,0.0,0.0
4060,0.0,0.0
4061,0.0,0.0
4062,0.0,0.0
4063,0.0,0.0
4064,0.0,0.0
4065,0.0,0.0
4066,0.0,0.0
4067,0.0,0.0
4068,0.0,0.0
4069,0.0,0.0
4070,0.0,0.0
4071,0.0,0.0
4072,0.0,0.0
4073,0.0,0.0
4074,0.0,0.0
4075,0.0,0.0
4076,0.0,0.0
4077,0.0,0.0
4078,0.0,0.0
4079,0.0,0.0
4080,0.0,0.0
4081,0.0,0.0
4082,0.0,0.0
4083,0.0,0.0
4084,0.0,0.0
4085,0.0,0.0
4086,0.0,0.0
4087,0.0,0.0
4088,0.0,0.0
4089,0.0,0.0
4090,0.0,0.0
4091,0.0,0.0
4092,0.0,0.0
4093,0.0,0.0
4094,0.0,0.0
4095,0.0,0.0
4096,0.0,0.0
4097,0.0,0.0
4098,0.0,0.0
4099,0.0,0.0
4100,0.0,0.0
4101,0.0,0.0
4102,0.0,0.0
4103,0.0,0.0
4104,0.0,0.0
4105,0.0,0.0
4106,0.0,0.0
4107,0.0,0.0
4108,0.0,0.0
4109,0.0,0.0
4110,0.0,0.0
4111,0.0,0.0
4112,0.0,0.0
4113,0.0,0.0
4114,0.0,0.0
4115,0.0,0.0
4116,0.0,0.0
4117,0.0,0.0
4118,0.0,0.0
4119,0.0,0.0
4120,0.0,0.0
4121,0.0,0.0
4122,0.0,0.0
4123,0.0,0.0
4124,0.0,0.0
4125,0.0,0.0
4126,0.0,0.0
4127,0.0,0.0
4128,0.0,0.0
4129,0.0,0.0
4130,0.0,0.0
4131,0.0,0.0
4132,0.0,0.0
4133,0.0,0.0
4134,0.0,0.0
4135,0.0,0.0
4136,0.0,0.0
4137,0.0,0.0
4138,0.0,0.0
4139,0.0,0.0
4140,0.0,0.0
4141,0.0,0.0
4142,0.0,0.0
4143,0.0,0.0
4144,0.0,0.0
4145,0.0,0.0
4146,0.0,0.0
4147,0.0,0.0
4148,0.0,0.0
4149,0.0,0.0
4150,0.0,0.0
4151,0.0,0.0
4152,0.0,0.0
4153,0.0,0.0
4154,0.0,0.0
4155,0.0,0.0
4156,0.0,0.0
4157,0.0,0.0
4158,0.0,0.0
4159,0.0,0.0
4160,0.0,0.0
4161,0.0,0.0
4162,0.0,0.0
4163,0.0,0.0
4164,0.0,0.0
4165,0.0,0.0
4166,0.0,0.0
4167,0.0,0.0
4168,0.0,0.0
4169,0.0,0.0
4170,0.0,0.0
4171,0.0,0.0
4172,0.0,0.0
4173,0.0,0.0
4174,0.0,0.0
4175,0.0,0.0
4176,0.0,0.0
4177,0.0,0.0
4178,0.0,0.0
4179,0.0,0.0
4180,0.0,0.0
4181,0.0,0.0
4182,0.0,0.0
4183,0.0,0.0
4184,0.0,0.0
4185,0.0,0.0
4186,0.0,0.0
4187,0.0,0.0
4188,0.0,0.0
4189,0.0,0.0
4190,0.0,0.0
4191,0.0,0.0
4192,0.0,0.0
4193,0.0,0.0
4194,0.0,0.0
4195,0.0,0.0
4196,0.0,0.0
4197,0.0,0.0
4198,0.0,0.0
4199,0.0,0.0
4200,0.0,0.0
4201,0.0,0.0
4202,0.0,0.0
4203,0.0,0.0
4204,0.0,0.0
4205,0.0,0.0
4206,0.0,0.0
4207,0.0,0.0
4208,0.0,0.0
4209,0.0,0.0
4210,0.0,0.0
4211,0.0,0.0
4212,0.0,0.0
4213,0.0,0.0
4214,0.0,0.0
4215,0.0,0.0
4216,0.0,0.0
4217,0.0,0.0
4218,0.0,0.0
4219,0.0,0.0
4220,0.0,0.0
4221,0.0,0.0
4222,0.0,0.0
4223,0.0,0.0
4224,0.0,0.0
4225,0.0,0.0
4226,0.0,0.0
4227,0.0,0.0
4228,0.0,0.0
4229,0.0,0.0
4230,0.0,0.0
4231,0.0,0.0
4232,0.0,0.0
4233,0.0,0.0
4234,0.0,0.0
4235,0.0,0.0
4236,0.0,0.0
4237,0.0,0.0
4238,0.0,0.0
4239,0.0,0.0
4240,0.0,0.0
4241,0.0,0.0
4242,0.0,0.0
4243,0.0,0.0
4244,0.0,0.0
4245,0.0,0.0
4246,0.0,0.0
4247,0.0,0.0
4248,0.0,0.0
4249,0.0,0.0
4250,0.0,0.0
4251,0.0,0.0
4252,0.0,0.0
4253,0.0,0.0
4254,0.0,0.0
4255,0.0,0.0
4256,0.0,0.0
4257,0.0,0.0
4258,0.0,0.0
4259,0.0,0.0
4260,0.0,0.0
4261,0.0,0.0
4262,0.0,0.0
4263,0.0,0.0
4264,0.0,0.0
4265,0.0,0.0
4266,0.0,0.0
4267,0.0,0.0
4268,0.0,0.0
4269,0.0,0.0
4270,0.0,0.0
4271,0.0,0.0
4272,0.0,0.0
4273,0.0,0.0
4274,0.0,0.0
4275,0.0,0.0
4276,0.0,0.0
4277,0.0,0.0
4278,0.0,0.0
4279,0.0,0.0
4280,0.0,0.0
4281,0.0,0.0
4282,0.0,0.0
4283,0.0,0.0
4284,0.0,0.0
4285,0.0,0.0
4286,0.0,0.0
4287,0.0,0.0
4288,0.0,0.0
4289,0.0,0.0
4290,0.0,0.0
4291,0.0,0.0
4292,0.0,0.0
4293,0.0,0.0
4294,0.0,0.0
4295,0.0,0.0
4296,0.0,0.0
4297,0.0,0.0
4298,0.0,0.0
4299,0.0,0.0
4300,0.0,0.0
4301,0.0,0.0
4302,0.0,0.0
4303,0.0,0.0
4304,0.0,0.0
4305,0.0,0.0
4306,0.0,0.0
4307,0.0,0.0
4308,0.0,0.0
4309,0.0,0.0
4310,0.0,0.0
4311,0.0,0.0
4312,0.0,0.0
4313,0.0,0.0
4314,0.0,0.0
4315,0.0,0.0
4316,0.0,0.0
4317,0.0,0.0
4318,0.0,0.0
4319,0.0,0.0
4320,0.0,0.0
4321,0.0,0.0
4322,0.0,0.0
4323,0.0,0.0
4324,0.0,0.0
4325,0.0,0.0
4326,0.0,0.0
4327,0.0,0.0
4328,0.0,0.0
4329,0.0,0.0
4330,0.0,0.0
4331,0.0,0.0
4332,0.0,0.0
4333,0.0,0.0
4334,0.0,0.0
4335,0.0,0.0
4336,0.0,0.0
4337,0.0,0.0
4338,0.0,0.0
4339,0.0,0.0
4340,0.0,0.0
4341,0.0,0.0
4342,0.0,0.0
4343,0.0,0.0
4344,0.0,0.0
4345,0.0,0.01
4346,0.0,0.02
4347,0.0,0.03
4348,0.0,0.04
4349,0.0,0.05
4350,0.0,0.06
4351,0.0,0.07
4352,0.0,0.08
4353,0.0,0.09
4354,0.0,0.1
4355,0.0,0.11
4356,0.0,0.12
4357,0.0,0.13
4358,0.0,0.14
4359,0.0,0.15
4360,0.0,0.16
4361,0.0,0.17
4362,0.0,0.18
4363,0.0,0.19
4364,0.0,0.2
4365,0.0,0.21
4366,0.0,0.22
4367,0.0,0.23
4368,0.0,0.24
4369,0.0,0.25
4370,0.0,0.26
4371,0.0,0.27
4372,0.0,0.28
4373,0.0,0.29
4374,0.0,0.3
4375,0.0,0.31
4376,0.0,0.32
4377,0.0,0.33
4378,0.0,0.34
4379,0.0,0.35
4380,0.0,0.36
4381,0.0,0.37
4382,0.0,0.38
4383,0.0,0.39
4384,0.0,0.4
4385,0.0,0.41
4386,0.0,0.42
4387,0.0,0.43
4388,0.0,0.44
4389,0.0,0.45
4390,0.0,0.46
4391,0.0,0.47
4392,0.0,0.48
4393,0.0,0.49
4394,0.0,0.5
4395,0.0,0.51
4396,0.0,0.52
4397,0.0,0.53
4398,0.0,0.54
4399,0.0,0.55
4400,0.0,0.56
4401,0.0,0.57
4402,0.0,0.58
4403,0.0,0.59
4404,0.0,0.6
4405,0.0,0.61
4406,0.0,0.62
4407,0.0,0.63
4408,0.0,0.64
4409,0.0,0.65
4410,0.0,0.66
4411,0.0,0.67
4412,0.0,0.68
4413,0.0,0.69
4414,0.0,0.7
4415,0.0,0.71
4416,0.0,0.72
4417,0.0,0.73
4418,0.0,0.74
4419,0.0,0.75
4420,0.0,0.76
4421,0.0,0.77
4422,0.0,0.78
4423,0.0,0.79
4424,0.0,0.8
4425,0.0,0.81
4426,0.0,0.82
4427,0.0,0.83
4428,0.0,0.84
4429,0.0,0.85
4430,0.0,0.86
4431,0.0,0.87
4432,0.0,0.88
4433,0.0,0.89
4434,0.0,0.9
4435,0.0,0.91
4436,0.0,0.92
4437,0.0,0.93
4438,0.0,0.94
4439,0.0,0.95
4440,0.0,0.96
4441,0.0,0.97
4442,0.0,0.98
4443,0.0,0.99
4444,0.0,1.0
4445,0.0,0.9818181818181818
4446,0.0,0.9636363636363636
4447,0.0,0.9454545454545454
4448,0.0,0.9272727272727272
4449,0.0,0.9090909090909091
4450,0.0,0.8909090909090909
4451,0.0,0.8727272727272728
4452,0.0,0.8545454545454545
4453,0.0,0.8363636363636364
4454,0.0,0.8181818181818181
4455,0.0,0.8
4456,0.0,0.7818181818181819
4457,0.0,0.7636363636363637
4458,0.0,0.7454545454545455
4459,0.0,0.7272727272727273
4460,0.0,0.7090909090909091
4461,0.0,0.0
4462,0.0,0.01694915254237288
4463,0.0,0.03389830508474576
4464,0.0,0.05084745762711865
4465,0.0,0.06779661016949153
4466,0.0,0.0847457627118644
4467,0.0,0.1016949152542373
4468,0.0,0.11864406779661017
4469,0.0,0.13559322033898305
4470,0.0,0.15254237288135594
4471,0.0,0.1694915254237288
4472,0.0,0.1864406779661017
4473,0.0,0.2033898305084746
4474,0.0,0.22033898305084745
4475,0.0,0.23728813559322035
4476,0.0,0.2542372881355932
4477,0.0,0.2711864406779661
4478,0.0,0.288135593220339
4479,0.0,0.3050847457627119
4480,0.0,0.3220338983050847
4481,0.0,0.3389830508474576
4482,0.0,0.3559322033898305
4483,0.0,0.3728813559322034
4484,0.0,0.3898305084745763
4485,0.0,0.4067796610169492
4486,0.0,0.423728813559322
4487,0.0,0.4406779661016949
4488,0.0,0.4576271186440678
4489,0.0,0.4745762711864407
4490,0.0,0.4915254237288136
4491,0.0,0.5084745762711864
4492,0.0,0.5254237288135594
4493,0.0,0.5423728813559322
4494,0.0,0.559322033898305
4495,0.0,0.576271186440678
4496,0.0,0.5932203389830508
4497,0.0,0.6101694915254238
4498,0.0,0.6271186440677966
4499,0.0,0.6440677966101694
4500,0.0,0.6610169491525424
4501,0.0,0.6779661016949152
4502,0.0,0.6949152542372882
4503,0.0,0.711864406779661
4504,0.0,0.7288135593220338
4505,0.0,0.7457627118644068
4506,0.0,0.7627118644067796
4507,0.0,0.7796610169491526
4508,0.0,0.7966101694915254
4509,0.0,0.8135593220338984
4510,0.0,0.8305084745762712
4511,0.0,0.847457627118644
4512,0.0,0.864406779661017
4513,0.0,0.8813559322033898
4514,0.0,0.8983050847457628
4515,0.0,0.9152542372881356
4516,0.0,0.9322033898305084
4517,0.01,0.9491525423728814
4518,0.02,0.9661016949152542
4519,0.03,0.9830508474576272
4520,0.04,1.0
4521,0.05,0.9855072463768116
4522,0.06,0.9710144927536232
4523,0.07,0.9565217391304348
4524,0.08,0.9420289855072463
4525,0.09,0.927536231884058
4526,0.1,0.9130434782608696
4527,0.11,0.8985507246376812
4528,0.12,0.8840579710144928
4529,0.13,0.8695652173913043
4530,0.14,0.855072463768116
4531,0.15,0.8405797101449275
4532,0.16,0.8260869565217391
4533,0.17,0.8115942028985508
4534,0.18,0.7971014492753623
4535,0.19,0.782608695652174
4536,0.2,0.7681159420289855
4537,0.21,0.7536231884057971
4538,0.22,0.7391304347826086
4539,0.23,0.7246376811594203
4540,0.24,0.7101449275362319
4541,0.25,0.6956521739130435
4542,0.26,0.6811594202898551
4543,0.27,0.6666666666666667
4544,0.28,0.6521739130434783
4545,0.29,0.6376811594202898
4546,0.3,0.6231884057971014
4547,0.31,0.6086956521739131
4548,0.32,0.5942028985507246
4549,0.33,0.5797101449275363
4550,0.34,0.5652173913043479
4551,0.35,0.5507246376811594
4552,0.36,0.536231884057971
4553,0.37,0.5217391304347826
4554,0.38,0.5072463768115942
4555,0.39,0.49275362318840576
4556,0.4,0.4782608695652174
4557,0.41,0.46376811594202894
4558,0.42,0.4492753623188406
4559,0.43,0.4347826086956522
4560,0.44,0.42028985507246375
4561,0.45,0.4057971014492754
4562,0.46,0.3913043478260869
4563,0.47,0.37681159420289856
4564,0.48,0.3623188405797102
4565,0.49,0.34782608695652173
4566,0.5,0.33333333333333337
4567,0.51,0.3188405797101449
4568,0.52,0.30434782608695654
4569,0.53,0.28985507246376807
4570,0.54,0.2753623188405797
4571,0.55,0.26086956521739135
4572,0.56,0.24637681159420288
4573,0.57,0.23188405797101452
4574,0.58,0.21739130434782605
4575,0.59,0.2028985507246377
4576,0.6,0.18840579710144922
4577,0.61,0.17391304347826086
4578,0.62,0.1594202898550725
4579,0.63,0.14492753623188404
4580,0.64,0.13043478260869568
4581,0.65,0.1159420289855072
4582,0.66,0.10144927536231885
4583,0.67,0.08695652173913049
4584,0.68,0.07246376811594202
4585,0.69,0.05797101449275366
4586,0.7,0.04347826086956519
4587,0.71,0.02898550724637683
4588,0.72,0.01449275362318836
4589,0.73,0.0
4590,0.74,0.0
4591,0.75,0.0
4592,0.76,0.0
4593,0.77,0.0
4594,0.78,0.0
4595,0.79,0.0
4596,0.8,0.0
4597,0.81,0.0
4598,0.82,0.0
4599,0.83,0.0
4600,0.84,0.0
4601,0.85,0.0
4602,0.86,0.0
4603,0.87,0.0
4604,0.88,0.0
4605,0.89,0.0
4606,0.9,0.0
4607,0.91,0.0
4608,0.92,0.0
4609,0.93,0.0
4610,0.94,0.0
4611,0.95,0.0
4612,0.96,0.0
4613,0.97,0.0
4614,0.98,0.0
4615,0.99,0.0
4616,1.0,0.0
4617,0.9863013698630136,0.0
4618,0.9726027397260274,0.0
4619,0.9589041095890412,0.0
4620,0.9452054794520548,0.0
4621,0.9315068493150684,0.0
4622,0.9178082191780822,0.0
4623,0.904109589041096,0.0
4624,0.8904109589041096,0.0
4625,0.8767123287671232,0.0
4626,0.863013698630137,0.0
4627,0.8493150684931507,0.0
4628,0.8356164383561644,0.0
4629,0.821917808219178,0.0
4630,0.8082191780821918,0.0
4631,0.7945205479452055,0.0
4632,0.7808219178082192,0.0
4633,0.7671232876712328,0.0
4634,0.7534246575342466,0.0
4635,0.7397260273972603,0.0
4636,0.726027397260274,0.0
4637,0.7123287671232876,0.0
4638,0.0,0.0
4639,0.014705882352941176,0.0
4640,0.029411764705882353,0.0
4641,0.04411764705882353,0.0
4642,0.058823529411764705,0.0
4643,0.07352941176470588,0.0
4644,0.08823529411764706,0.0
4645,0.10294117647058823,0.0
4646,0.11764705882352941,0.0
4647,0.1323529411764706,0.0
4648,0.14705882352941177,0.0
4649,0.16176470588235295,0.0
4650,0.17647058823529413,0.0
4651,0.19117647058823528,0.0
4652,0.20588235294117646,0.0
4653,0.22058823529411764,0.0
4654,0.23529411764705882,0.0
4655,0.25,0.0
4656,0.2647058823529412,0.0
4657,0.27941176470588236,0.0
4658,0.29411764705882354,0.0
4659,0.3088235294117647,0.0
4660,0.3235294117647059,0.0
4661,0.3382352941176471,0.0
4662,0.35294117647058826,0.0
4663,0.36764705882352944,0.0
4664,0.38235294117647056,0.0
4665,0.39705882352941174,0.0
4666,0.4117647058823529,0.0
4667,0.4264705882352941,0.0
4668,0.4411764705882353,0.0
4669,0.45588235294117646,0.0
4670,0.47058823529411764,0.0
4671,0.4852941176470588,0.0
4672,0.5,0.0
4673,0.5147058823529411,0.0
4674,0.5294117647058824,0.0
4675,0.5441176470588235,0.0
4676,0.5588235294117647,0.0
4677,0.5735294117647058,0.0
4678,0.5882352941176471,0.0
4679,0.6029411764705882,0.0
4680,0.6176470588235294,0.0
4681,0.6323529411764706,0.0
4682,0.6470588235294118,0.0
4683,0.6617647058823529,0.0
4684,0.6764705882352942,0.0
4685,0.6911764705882353,0.0
4686,0.7058823529411765,0.0
4687,0.7205882352941176,0.0
4688,0.7352941176470589,0.0
4689,0.75,0.0
4690,0.7647058823529411,0.0
4691,0.7794117647058824,0.0
4692,0.7941176470588235,0.0
4693,0.8088235294117647,0.0
4694,0.8235294117647058,0.0
4695,0.8382352941176471,0.0
4696,0.8529411764705882,0.0
4697,0.8676470588235294,0.0
4698,0.8823529411764706,0.0
4699,0.8970588235294118,0.0
4700,0.9117647058823529,0.0
4701,0.9264705882352942,0.0
4702,0.9411764705882353,0.0
4703,0.9558823529411765,0.0
4704,0.9705882352941176,0.0
4705,0.9852941176470589,0.0
4706,1.0,0.0
4707,0.99,0.0
4708,0.98,0.0
4709,0.97,0.0
4710,0.96,0.0
4711,0.95,0.0
4712,0.94,0.0
4713,0.9299999999999999,0.0
4714,0.92,0.0
4715,0.91,0.0
4716,0.9,0.0
4717,0.89,0.0
4718,0.88,0.0
4719,0.87,0.0
4720,0.86,0.0
4721,0.85,0.0
4722,0.84,0.01
4723,0.83,0.02
4724,0.8200000000000001,0.03
4725,0.81,0.04
4726,0.8,0.05
4727,0.79,0.06
4728,0.78,0.07
4729,0.77,0.08
4730,0.76,0.09
4731,0.75,0.1
4732,0.74,0.11
4733,0.73,0.12
4734,0.72,0.13
4735,0.71,0.14
4736,0.7,0.15
4737,0.69,0.16
4738,0.6799999999999999,0.17
4739,0.6699999999999999,0.18
4740,0.6599999999999999,0.19
4741,0.65,0.2
4742,0.64,0.21
4743,0.63,0.22
4744,0.62,0.23
4745,0.61,0.24
4746,0.6,0.25
4747,0.5900000000000001,0.26
4748,0.5800000000000001,0.27
4749,0.5700000000000001,0.28
4750,0.56,0.29
4751,0.55,0.3
4752,0.54,0.31
4753,0.53,0.32
4754,0.52,0.33
4755,0.51,0.34
4756,0.5,0.35
4757,0.49,0.36
4758,0.48,0.37
4759,0.47,0.38
4760,0.45999999999999996,0.39
4761,0.44999999999999996,0.4
4762,0.43999999999999995,0.41
4763,0.43000000000000005,0.42
4764,0.42000000000000004,0.43
4765,0.41000000000000003,0.44
4766,0.4,0.45
4767,0.39,0.46
4768,0.38,0.47
4769,0.37,0.48
4770,0.36,0.49
4771,0.35,0.5
4772,0.33999999999999997,0.51
4773,0.32999999999999996,0.52
4774,0.31999999999999995,0.53
4775,0.31000000000000005,0.54
4776,0.30000000000000004,0.55
4777,0.29000000000000004,0.56
4778,0.28,0.57
4779,0.27,0.58
4780,0.26,0.59
4781,0.25,0.6
4782,0.24,0.61
4783,0.22999999999999998,0.62
4784,0.21999999999999997,0.63
4785,0.20999999999999996,0.64
4786,0.19999999999999996,0.65
4787,0.18999999999999995,0.66
4788,0.18000000000000005,0.67
4789,0.17000000000000004,0.68
4790,0.16000000000000003,0.69
4791,0.15000000000000002,0.7
4792,0.14,0.71
4793,0.13,0.72
4794,0.12,0.73
4795,0.10999999999999999,0.74
4796,0.09999999999999998,0.75
4797,0.08999999999999997,0.76
4798,0.07999999999999996,0.77
4799,0.06999999999999995,0.78
4800,0.06000000000000005,0.79
4801,0.050000000000000044,0.8
4802,0.040000000000000036,0.81
4803,0.030000000000000027,0.82
4804,0.020000000000000018,0.83
4805,0.010000000000000009,0.84
4806,0.0,0.85
4807,0.0,0.86
4808,0.0,0.87
4809,0.0,0.88
4810,0.0,0.89
4811,0.0,0.9
4812,0.0,0.91
4813,0.0,0.92
4814,0.0,0.93
4815,0.0,0.94
4816,0.0,0.95
4817,0.0,0.96
4818,0.0,0.97
4819,0.0,0.98
4820,0.0,0.99
4821,0.0,1.0
4822,0.0,0.9821428571428571
4823,0.0,0.9642857142857143
4824,0.0,0.9464285714285714
4825,0.0,0.9285714285714286
4826,0.0,0.9107142857142857
4827,0.0,0.8928571428571429
4828,0.0,0.875
4829,0.0,0.8571428571428572
4830,0.0,0.8392857142857143
4831,0.0,0.8214285714285714
4832,0.0,0.8035714285714286
4833,0.0,0.7857142857142857
4834,0.0,0.7678571428571428
4835,0.0,0.75
4836,0.0,0.7321428571428572
4837,0.0,0.0
4838,0.0,0.016666666666666666
4839,0.0,0.03333333333333333
4840,0.0,0.05
4841,0.0,0.06666666666666667
4842,0.0,0.08333333333333333
4843,0.0,0.1
4844,0.0,0.11666666666666667
4845,0.0,0.13333333333333333
4846,0.0,0.15
4847,0.0,0.16666666666666666
4848,0.0,0.18333333333333332
4849,0.0,0.2
4850,0.0,0.21666666666666667
4851,0.0,0.23333333333333334
4852,0.0,0.25
4853,0.0,0.26666666666666666
4854,0.0,0.2833333333333333
4855,0.0,0.3
4856,0.0,0.31666666666666665
4857,0.0,0.3333333333333333
4858,0.0,0.35
4859,0.0,0.36666666666666664
4860,0.0,0.38333333333333336
4861,0.0,0.4
4862,0.0,0.4166666666666667
4863,0.0,0.43333333333333335
4864,0.0,0.45
4865,0.0,0.4666666666666667
4866,0.0,0.48333333333333334
4867,0.0,0.5
4868,0.0,0.5166666666666667
4869,0.0,0.5333333333333333
4870,0.0,0.55
4871,0.0,0.5666666666666667
4872,0.0,0.5833333333333334
4873,0.0,0.6
4874,0.0,0.6166666666666667
4875,0.0,0.6333333333333333
4876,0.0,0.65
4877,0.0,0.6666666666666666
4878,0.0,0.6833333333333333
4879,0.0,0.7
4880,0.0,0.7166666666666667
4881,0.0,0.7333333333333333
4882,0.0,0.75
4883,0.0,0.7666666666666667
4884,0.0,0.7833333333333333
4885,0.0,0.8
4886,0.0,0.8166666666666667
4887,0.0,0.8333333333333334
4888,0.0,0.85
4889,0.0,0.8666666666666667
4890,0.0,0.8833333333333333
4891,0.0,0.9
4892,0.0,0.9166666666666666
4893,0.0,0.9333333333333333
4894,0.0,0.95
4895,0.0,0.9666666666666667
4896,0.0,0.9833333333333333
4897,0.0,1.0
4898,0.0,0.9824561403508771
4899,0.0,0.9649122807017544
4900,0.0,0.9473684210526316
4901,0.0,0.9298245614035088
4902,0.0,0.9122807017543859
4903,0.0,0.8947368421052632
4904,0.0,0.8771929824561404
4905,0.0,0.8596491228070176
4906,0.0,0.8421052631578947
4907,0.0,0.8245614035087719
4908,0.0,0.8070175438596492
4909,0.0,0.7894736842105263
4910,0.0,0.7719298245614035
4911,0.0,0.7543859649122807
4912,0.0,0.736842105263158
4913,0.0,0.0
4914,0.0,0.015873015873015872
4915,0.0,0.031746031746031744
4916,0.0,0.047619047619047616
4917,0.0,0.06349206349206349
4918,0.0,0.07936507936507936
4919,0.0,0.09523809523809523
4920,0.0,0.1111111111111111
4921,0.0,0.12698412698412698
4922,0.0,0.14285714285714285
4923,0.0,0.15873015873015872
4924,0.0,0.1746031746031746
4925,0.0,0.19047619047619047
4926,0.0,0.20634920634920634
4927,0.0,0.2222222222222222
4928,0.0,0.23809523809523808
4929,0.0,0.25396825396825395
4930,0.0,0.2698412698412698
4931,0.0,0.2857142857142857
4932,0.0,0.30158730158730157
4933,0.0,0.31746031746031744
4934,0.0,0.3333333333333333
4935,0.0,0.3492063492063492
4936,0.0,0.36507936507936506
4937,0.0,0.38095238095238093
4938,0.0,0.3968253968253968
4939,0.0,0.4126984126984127
4940,0.0,0.42857142857142855
4941,0.0,0.4444444444444444
4942,0.0,0.4603174603174603
4943,0.0,0.47619047619047616
4944,0.0,0.49206349206349204
4945,0.0,0.5079365079365079
4946,0.0,0.5238095238095238
4947,0.0,0.5396825396825397
4948,0.0,0.5555555555555556
4949,0.0,0.5714285714285714
4950,0.0,0.5873015873015873
4951,0.0,0.6031746031746031
4952,0.0,0.6190476190476191
4953,0.0,0.6349206349206349
4954,0.0,0.6507936507936508
4955,0.0,0.6666666666666666
4956,0.0,0.6825396825396826
4957,0.0,0.6984126984126984
4958,0.0,0.7142857142857143
4959,0.0,0.7301587301587301
4960,0.0,0.746031746031746
4961,0.0,0.7619047619047619
4962,0.0,0.7777777777777778
4963,0.0,0.7936507936507936
4964,0.0,0.8095238095238095
4965,0.0,0.8253968253968254
4966,0.0,0.8412698412698413
4967,0.0,0.8571428571428571
4968,0.0,0.873015873015873
4969,0.0,0.8888888888888888
4970,0.0,0.9047619047619048
4971,0.0,0.9206349206349206
4972,0.0,0.9365079365079365
4973,0.0,0.9523809523809523
4974,0.0,0.9682539682539683
4975,0.0,0.9841269841269841
4976,0.0,1.0
4977,0.0,0.99
4978,0.0,0.98
4979,0.0,0.97
4980,0.01,0.96
4981,0.02,0.95
4982,0.03,0.94
4983,0.04,0.9299999999999999
4984,0.05,0.92
4985,0.06,0.91
4986,0.07,0.9
4987,0.08,0.89
4988,0.09,0.88
4989,0.1,0.87
4990,0.11,0.86
4991,0.12,0.85
4992,0.13,0.84
4993,0.14,0.83
4994,0.15,0.8200000000000001
4995,0.16,0.81
4996,0.17,0.8
4997,0.18,0.79
4998,0.19,0.78
4999,0.2,0.77
5000,0.21,0.76
5001,0.22,0.75
5002,0.23,0.74
5003,0.24,0.73
5004,0.25,0.72
5005,0.26,0.71
5006,0.27,0.7
5007,0.28,0.69
5008,0.29,0.6799999999999999
5009,0.3,0.6699999999999999
5010,0.31,0.6599999999999999
5011,0.32,0.65
5012,0.33,0.64
5013,0.34,0.63
5014,0.35,0.62
5015,0.36,0.61
5016,0.37,0.6
5017,0.38,0.5900000000000001
5018,0.39,0.5800000000000001
5019,0.4,0.5700000000000001
5020,0.41,0.56
5021,0.42,0.55
5022,0.43,0.54
5023,0.44,0.53
5024,0.45,0.52
5025,0.46,0.51
5026,0.47,0.5
5027,0.48,0.49
5028,0.49,0.48
5029,0.5,0.47
5030,0.51,0.45999999999999996
5031,0.52,0.44999999999999996
5032,0.53,0.43999999999999995
5033,0.54,0.43000000000000005
5034,0.55,0.42000000000000004
5035,0.56,0.41000000000000003
5036,0.57,0.4
5037,0.58,0.39
5038,0.59,0.38
5039,0.6,0.37
5040,0.61,0.36
5041,0.62,0.35
5042,0.63,0.33999999999999997
5043,0.64,0.32999999999999996
5044,0.65,0.31999999999999995
5045,0.66,0.31000000000000005
5046,0.67,0.30000000000000004
5047,0.68,0.29000000000000004
5048,0.69,0.28
5049,0.7,0.27
5050,0.71,0.26
5051,0.72,0.25
5052,0.73,0.24
5053,0.74,0.22999999999999998
5054,0.75,0.21999999999999997
5055,0.76,0.20999999999999996
5056,0.77,0.19999999999999996
5057,0.78,0.18999999999999995
5058,0.79,0.18000000000000005
5059,0.8,0.17000000000000004
5060,0.81,0.16000000000000003
5061,0.82,0.15000000000000002
5062,0.83,0.14
5063,0.84,0.13
5064,0.85,0.12
5065,0.86,0.10999999999999999
5066,0.87,0.09999999999999998
5067,0.88,0.08999999999999997
5068,0.89,0.07999999999999996
5069,0.9,0.06999999999999995
5070,0.91,0.06000000000000005
5071,0.92,0.050000000000000044
5072,0.93,0.040000000000000036
5073,0.94,0.030000000000000027
5074,0.95,0.020000000000000018
5075,0.96,0.010000000000000009
5076,0.97,0.0
5077,0.98,0.0
5078,0.99,0.0
5079,1.0,0.0
5080,0.99,0.0
5081,0.98,0.0
5082,0.97,0.0
5083,0.96,0.0
5084,0.95,0.0
5085,0.94,0.0
5086,0.9299999999999999,0.0
5087,0.92,0.0
5088,0.91,0.0
5089,0.9,0.0
5090,0.89,0.0
5091,0.88,0.0
5092,0.87,0.0
5093,0.86,0.0
5094,0.85,0.0
5095,0.84,0.0
5096,0.83,0.0
5097,0.8200000000000001,0.0
5098,0.81,0.0
5099,0.8,0.0
5100,0.79,0.0
5101,0.78,0.0
5102,0.77,0.0
5103,0.76,0.0
5104,0.75,0.0
5105,0.74,0.0
5106,0.73,0.0
5107,0.72,0.0
5108,0.71,0.0
5109,0.7,0.0
5110,0.69,0.0
5111,0.6799999999999999,0.0
5112,0.6699999999999999,0.0
5113,0.6599999999999999,0.0
5114,0.65,0.0
5115,0.64,0.0
5116,0.63,0.0
5117,0.62,0.0
5118,0.61,0.0
5119,0.6,0.0
5120,0.5900000000000001,0.0
5121,0.5800000000000001,0.0
5122,0.5700000000000001,0.0
5123,0.56,0.0
5124,0.55,0.0
5125,0.54,0.0
5126,0.53,0.0
5127,0.52,0.0
5128,0.51,0.0
5129,0.5,0.0
5130,0.49,0.0
5131,0.48,0.0
5132,0.47,0.0
5133,0.45999999999999996,0.0
5134,0.44999999999999996,0.0
5135,0.43999999999999995,0.0
5136,0.43000000000000005,0.0
5137,0.42000000000000004,0.0
5138,0.41000000000000003,0.0
5139,0.4,0.0
5140,0.39,0.0
5141,0.38,0.0
5142,0.37,0.0
5143,0.36,0.0
5144,0.35,0.0
5145,0.33999999999999997,0.0
5146,0.32999999999999996,0.0
5147,0.31999999999999995,0.0
5148,0.31000000000000005,0.0
5149,0.30000000000000004,0.0
5150,0.29000000000000004,0.0
5151,0.28,0.0
5152,0.27,0.0
5153,0.26,0.0
5154,0.25,0.0
5155,0.24,0.0
5156,0.22999999999999998,0.0
5157,0.21999999999999997,0.0
5158,0.20999999999999996,0.0
5159,0.19999999999999996,0.0
5160,0.18999999999999995,0.0
5161,0.18000000000000005,0.0
5162,0.17000000000000004,0.0
5163,0.16000000000000003,0.0
5164,0.15000000000000002,0.0
5165,0.14,0.0
5166,0.13,0.0
5167,0.12,0.0
5168,0.10999999999999999,0.0
5169,0.09999999999999998,0.0
5170,0.08999999999999997,0.0
5171,0.07999999999999996,0.0
5172,0.06999999999999995,0.0
5173,0.06000000000000005,0.0
5174,0.050000000000000044,0.0
5175,0.040000000000000036,0.0
5176,0.030000000000000027,0.0
5177,0.020000000000000018,0.0
5178,0.010000000000000009,0.0
5179,0.0,0.0
5180,0.0,0.0
5181,0.0,0.0
5182,0.0,0.0
5183,0.0,0.0
5184,0.0,0.0
5185,0.0,0.0
5186,0.0,0.0
5187,0.0,0.0
5188,0.0,0.0
5189,0.0,0.0
5190,0.0,0.0
5191,0.0,0.0
5192,0.0,0.0
5193,0.0,0.0
5194,0.0,0.0
5195,0.0,0.0
5196,0.0,0.0
5197,0.0,0.0
5198,0.0,0.0
5199,0.0,0.0
5200,0.0,0.0
5201,0.0,0.0
5202,0.0,0.0
5203,0.0,0.0
5204,0.0,0.0
5205,0.0,0.0
5206,0.0,0.0
5207,0.0,0.0
5208,0.0,0.0
5209,0.0,0.0
5210,0.0,0.0
5211,0.0,0.0
5212,0.0,0.0
5213,0.0,0.0
5214,0.0,0.0
5215,0.0,0.0
5216,0.0,0.0
5217,0.0,0.0
5218,0.0,0.0
5219,0.0,0.0
5220,0.0,0.0
5221,0.0,0.0
5222,0.0,0.0
5223,0.0,0.0
5224,0.0,0.0
5225,0.0,0.0
5226,0.0,0.0
5227,0.0,0.0
5228,0.0,0.0
5229,0.0,0.0
5230,0.0,0.0
5231,0.0,0.0
5232,0.0,0.0
5233,0.0,0.0
5234,0.0,0.0
5235,0.0,0.0
5236,0.0,0.0
5237,0.0,0.0
5238,0.0,0.0
5239,0.0,0.0
5240,0.0,0.0
5241,0.0,0.0
5242,0.0,0.0
5243,0.0,0.0
5244,0.0,0.0
5245,0.0,0.0
5246,0.0,0.0
5247,0.0,0.0
5248,0.0,0.0
5249,0.0,0.0
5250,0.0,0.0
5251,0.0,0.0
5252,0.0,0.0
5253,0.0,0.0
5254,0.0,0.0
5255,0.0,0.0
5256,0.0,0.0
5257,0.0,0.0
5258,0.0,0.0
5259,0.0,0.0
5260,0.0,0.0
5261,0.0,0.0
5262,0.0,0.0
5263,0.0,0.0
5264,0.0,0.0
5265,0.0,0.0
5266,0.0,0.0
5267,0.0,0.0
5268,0.0,0.0
5269,0.0,0.0
5270,0.0,0.0
5271,0.0,0.0
5272,0.0,0.0
5273,0.0,0.0
5274,0.0,0.0
5275,0.0,0.0
5276,0.0,0.0
5277,0.0,0.0
5278,0.0,0.0
5279,0.0,0.0
5280,0.0,0.0
5281,0.0,0.0
5282,0.0,0.0
5283,0.0,0.0
5284,0.0,0.0
5285,0.0,0.0
5286,0.0,0.0
5287,0.0,0.0
5288,0.0,0.0
5289,0.0,0.0
5290,0.0,0.0
5291,0.0,0.0
5292,0.0,0.0
5293,0.0,0.0
5294,0.0,0.0
5295,0.0,0.0
5296,0.0,0.0
5297,0.0,0.0
5298,0.0,0.0
5299,0.0,0.0
5300,0.0,0.0
5301,0.0,0.0
5302,0.0,0.0
5303,0.0,0.0
5304,0.0,0.0
5305,0.0,0.0
5306,0.0,0.0
5307,0.0,0.0
5308,0.0,0.0
5309,0.0,0.0
5310,0.0,0.0
5311,0.0,0.0
5312,0.0,0.0
5313,0.0,0.0
5314,0.0,0.0
5315,0.0,0.0
5316,0.0,0.0
5317,0.0,0.0
5318,0.0,0.0
5319,0.0,0.0
5320,0.0,0.0
5321,0.0,0.0
5322,0.0,0.0
5323,0.0,0.0
5324,0.0,0.0
5325,0.0,0.0
5326,0.0,0.0
5327,0.0,0.0
5328,0.0,0.0
5329,0.0,0.0
5330,0.0,0.0
5331,0.0,0.0
5332,0.0,0.0
5333,0.0,0.0
5334,0.0,0.0
5335,0.0,0.0
5336,0.0,0.0
5337,0.0,0.0
5338,0.0,0.0
5339,0.0,0.0
5340,0.0,0.0
5341,0.0,0.0
5342,0.0,0.0
5343,0.0,0.0
5344,0.0,0.0
5345,0.0,0.0
5346,0.0,0.0
5347,0.0,0.0
5348,0.0,0.0
5349,0.0,0.0
5350,0.0,0.0
5351,0.0,0.0
5352,0.0,0.0
5353,0.0,0.0
5354,0.0,0.0
5355,0.0,0.0
5356,0.0,0.0
5357,0.0,0.0
5358,0.0,0.0
5359,0.0,0.0
5360,0.0,0.0
5361,0.0,0.0
5362,0.0,0.0
5363,0.0,0.0
5364,0.0,0.0
5365,0.0,0.0
5366,0.0,0.0
5367,0.0,0.0
5368,0.0,0.0
5369,0.0,0.0
5370,0.0,0.0
5371,0.0,0.0
5372,0.0,0.0
5373,0.0,0.0
5374,0.0,0.0
5375,0.0,0.0
5376,0.0,0.0
5377,0.0,0.0
5378,0.0,0.0
5379,0.0,0.0
5380,0.0,0.0
5381,0.0,0.0
5382,0.0,0.0
5383,0.0,0.0
5384,0.0,0.0
5385,0.0,0.0
5386,0.0,0.0
5387,0.0,0.0
5388,0.0,0.0
5389,0.0,0.0
5390,0.0,0.0
5391,0.0,0.0
5392,0.0,0.0
5393,0.0,0.0
5394,0.0,0.0
5395,0.0,0.0
5396,0.0,0.0
5397,0.0,0.0
5398,0.0,0.0
5399,0.0,0.0
5400,0.0,0.0
5401,0.0,0.0
5402,0.0,0.0
5403,0.0,0.0
5404,0.0,0.0
5405,0.0,0.0
5406,0.0,0.0
5407,0.0,0.0
5408,0.0,0.0
5409,0.0,0.0
5410,0.0,0.0
5411,0.0,0.0
5412,0.0,0.0
5413,0.0,0.0
5414,0.0,0.0
5415,0.0,0.0
5416,0.0,0.0
5417,0.0,0.0
5418,0.0,0.0
5419,0.0,0.0
5420,0.0,0.0
5421,0.0,0.0
5422,0.0,0.0
5423,0.0,0.0
5424,0.0,0.0
5425,0.0,0.0
5426,0.0,0.0
5427,0.0,0.0
5428,0.0,0.0
5429,0.0,0.0
5430,0.0,0.0
5431,0.0,0.0
5432,0.0,0.0
5433,0.0,0.0
5434,0.0,0.0
5435,0.0,0.0
5436,0.0,0.0
5437,0.0,0.0
5438,0.0,0.0
5439,0.0,0.0
5440,0.0,0.0
5441,0.0,0.0
5442,0.0,0.0
5443,0.0,0.0
5444,0.0,0.0
5445,0.0,0.0
5446,0.0,0.0
5447,0.0,0.0
5448,0.0,0.0
5449,0.0,0.0
5450,0.0,0.0
5451,0.0,0.0
5452,0.0,0.0
5453,0.0,0.0
5454,0.0,0.0
5455,0.0,0.0
5456,0.0,0.0
5457,0.0,0.0
5458,0.0,0.0
5459,0.0,0.0
5460,0.0,0.0
5461,0.0,0.0
5462,0.0,0.0
5463,0.0,0.0
5464,0.0,0.0
5465,0.0,0.0
5466,0.0,0.0
5467,0.0,0.0
5468,0.0,0.0
5469,0.0,0.0
5470,0.0,0.0
5471,0.0,0.0
5472,0.0,0.0
5473,0.0,0.0
5474,0.0,0.0
5475,0.0,0.0
5476,0.0,0.0
5477,0.0,0.0
5478,0.0,0.0
5479,0.0,0.0
5480,0.0,0.0
5481,0.0,0.0
5482,0.0,0.0
5483,0.0,0.0
5484,0.0,0.0
5485,0.0,0.0
5486,0.0,0.0
5487,0.0,0.0
5488,0.0,0.0
5489,0.0,0.0
5490,0.0,0.0
5491,0.0,0.0
5492,0.0,0.0
5493,0.0,0.0
5494,0.0,0.0
5495,0.0,0.0
5496,0.0,0.0
5497,0.0,0.0
5498,0.0,0.0
5499,0.0,0.0
5500,0.0,0.0
5501,0.0,0.0
5502,0.0,0.0
5503,0.0,0.0
5504,0.0,0.0
5505,0.0,0.0
5506,0.0,0.0
5507,0.0,0.0
5508,0.0,0.0
5509,0.0,0.0
5510,0.0,0.0
5511,0.0,0.0
5512,0.0,0.0
5513,0.0,0.0
5514,0.0,0.0
5515,0.0,0.0
5516,0.0,0.0
5517,0.0,0.0
5518,0.0,0.0
5519,0.0,0.0
5520,0.0,0.0
5521,0.0,0.0
5522,0.0,0.0
5523,0.0,0.0
5524,0.0,0.0
5525,0.0,0.0
5526,0.0,0.0
5527,0.0,0.0
5528,0.0,0.0
5529,0.0,0.0
5530,0.0,0.0
5531,0.0,0.0
5532,0.0,0.0
5533,0.0,0.0
5534,0.0,0.0
5535,0.0,0.0
5536,0.0,0.0
5537,0.0,0.0
5538,0.0,0.0
5539,0.0,0.0
5540,0.0,0.0
5541,0.0,0.0
5542,0.0,0.0
5543,0.0,0.0
5544,0.0,0.0
5545,0.0,0.0
5546,0.0,0.0
5547,0.0,0.0
5548,0.0,0.0
5549,0.0,0.0
5550,0.0,0.0
5551,0.0,0.0
5552,0.0,0.0
5553,0.0,0.0
5554,0.0,0.0
5555,0.0,0.0
5556,0.0,0.0
5557,0.0,0.0
5558,0.0,0.0
5559,0.0,0.0
5560,0.0,0.0
5561,0.0,0.0
5562,0.0,0.0
5563,0.0,0.0
5564,0.0,0.0
5565,0.0,0.0
5566,0.0,0.0
5567,0.0,0.0
5568,0.0,0.0
5569,0.0,0.0
5570,0.0,0.0
5571,0.0,0.0
5572,0.0,0.0
5573,0.0,0.0
5574,0.0,0.0
5575,0.0,0.0
5576,0.0,0.0
5577,0.0,0.0
5578,0.0,0.0
5579,0.0,0.0
5580,0.0,0.0
5581,0.0,0.0
5582,0.0,0.0
5583,0.0,0.0
5584,0.0,0.0
5585,0.0,0.0
5586,0.0,0.0
5587,0.0,0.0
5588,0.0,0.0
5589,0.0,0.0
5590,0.0,0.0
5591,0.0,0.0
5592,0.0,0.0
5593,0.0,0.0
5594,0.0,0.0
5595,0.0,0.0
5596,0.0,0.0
5597,0.0,0.0
5598,0.0,0.0
5599,0.0,0.0
5600,0.0,0.0
